"sector","village","HHID","income1","income2","days_flour","days_bread","source_flour","source_bread"
"Gahengeri","Akabuga",4003,60000,"80000",4,0,5,NA
"Gahengeri","Akabuga",4080,12000,"0",3,0,1,NA
"Gahengeri","Akabuga",4081,0,"1500000",7,7,5,5
"Gahengeri","Akabuga",4083,0,"200000",7,0,6,NA
"Gahengeri","Akabuga",4086,15000,"6000",2,2,5,5
"Gahengeri","Akabuga",4088,15000,"0",4,0,5,NA
"Gahengeri","Akabuga",4089,0,"0",2,0,5,NA
"Gahengeri","Akabuga",4090,2000,"0",3,0,5,NA
"Gahengeri","Akabuga",4091,0,"0",2,0,5,NA
"Gahengeri","Akabuga",4213,50000,"130000",5,0,1,NA
"Gahengeri","Akabuga",4214,10000,"0",7,0,1,NA
"Gahengeri","Akabuga",4216,0,"0",7,0,5,NA
"Gahengeri","Akabuga",4217,6000,"0",4,0,1,NA
"Gahengeri","Akabuga",4218,0,"0",0,0,NA,NA
"Gahengeri","Akabuga",4220,28000,"90000",7,0,5,NA
"Gahengeri","Akabuga",4221,33000,"0",0,0,NA,NA
"Gahengeri","Akabuga",4223,0,"0",5,0,1,NA
"Gahengeri","Akabuga",4224,0,"0",3,0,1,NA
"Gahengeri","Akabuga",4227,40000,"0",7,0,1,NA
"Gahengeri","Akabuga",4229,12500,"0",7,0,1,NA
"Gahengeri","Akabuga",4230,23000,"0",7,0,1,NA
"Gahengeri","Akabuga",4231,0,"80000",7,0,5,NA
"Gahengeri","Akabuga",4232,0,"80000",2,0,5,NA
"Gahengeri","Akabuga",4234,15100,"1000000",2,3,5,5
"Gahengeri","Akabuga",4240,0,"50000",0,0,NA,NA
"Gahengeri","Akabuga",4242,0,"0",5,0,5,NA
"Gahengeri","Akabuga",4243,1600,"0",0,0,NA,NA
"Gahengeri","Akabuga",4244,15000,"0",3,0,3,NA
"Gahengeri","Akabuga",4245,0,"0",0,0,NA,NA
"Gahengeri","Akabuga",4246,2400,"0",5,0,5,NA
"Gahengeri","Akabuga",4247,112700,"550000",5,0,5,NA
"Gahengeri","Akabuga",4248,230000,"0",1,0,5,NA
"Gahengeri","Akabuga",4250,16000,"5000",0,0,NA,NA
"Gahengeri","Akabuga",4252,50000,"30000",2,0,5,NA
"Gahengeri","Akabuga",4314,15000,"0",1,0,5,NA
"Gahengeri","Akabuga",4316,0,"1500000",2,4,5,5
"Gahengeri","Akabuga",4317,180000,"1000000",4,5,5,5
"Gahengeri","Akabuga",4318,0,"0",5,0,5,NA
"Gahengeri","Akabuga",4335,0,"1800000",0,0,NA,NA
"Gahengeri","Akabuga",4340,0,"0",1,0,1,NA
"Gahengeri","Akabuga",4342,0,"45000",5,0,5,NA
"Gahengeri","Akabuga",4350,727000,"0",6,0,5,NA
"Gahengeri","Akabuga",4354,0,"0",0,0,NA,NA
"Gahengeri","Akabuga",4359,0,"120000",7,0,1,NA
"Gahengeri","Akabuga",4361,0,"0",7,0,5,NA
"Gahengeri","Akabuga",4368,0,"0",3,0,5,NA
"Gahengeri","Kabigondo",2078,0,"100000",3,2,1,5
"Gahengeri","Kabigondo",2080,0,"0",0,0,NA,NA
"Gahengeri","Kabigondo",2091,0,"0",1,0,5,NA
"Gahengeri","Kabigondo",2092,80000,"0",4,0,1,NA
"Gahengeri","Kabigondo",2094,11000,"0",2,0,5,NA
"Gahengeri","Kabuye",2054,70000,"50000",2,0,1,NA
"Gahengeri","Kabuye",2056,0,"0",0,0,NA,NA
"Gahengeri","Kabuye",2058,39200,"20000",5,1,5,5
"Gahengeri","Kabuye",2059,0,"0",1,0,5,NA
"Gahengeri","Kabuye",2060,0,"25000",1,0,1,NA
"Gahengeri","Kanserege",2062,3e+05,"250000",3,0,1,NA
"Gahengeri","Kanserege",2063,0,"0",5,0,5,NA
"Gahengeri","Kanserege",2064,3000,"0",3,0,5,NA
"Gahengeri","Kanserege",2065,0,"58000",3,0,5,NA
"Gahengeri","Karutimbo",2066,1000,"0",0,0,NA,NA
"Gahengeri","Karutimbo",2067,190000,"0",7,0,5,NA
"Gahengeri","Karutimbo",2068,50000,"0",2,0,1,NA
"Gahengeri","Karutimbo",2070,0,"50000",3,0,1,NA
"Gahengeri","Karutimbo",2071,0,"50000",2,0,1,NA
"Gahengeri","Karutimbo",2073,0,"0",0,0,NA,NA
"Gahengeri","Kiruruma",2093,7000,"0",0,0,NA,NA
"Gahengeri","Nyamugari",2098,5000,"0",1,0,5,NA
"Gahengeri","Nyamugari",2100,0,"0",2,0,5,NA
"Gahengeri","Nyamugari",3120,2250,"0",3,0,5,NA
"Gahengeri","Nyamugari",3121,1750,"0",3,2,1,5
"Gahengeri","Nyamugari",3123,20000,"5000",7,0,1,NA
"Gahengeri","Nyamugari",3124,3850,"15000",3,0,5,NA
"Gahengeri","Rebero",2042,43500,"0",2,0,1,NA
"Gahengeri","Rebero",2046,5000,"15000",2,2,1,5
"Gahengeri","Rebero",2047,18500,"0",0,0,NA,NA
"Gahengeri","Rebero",2048,60000,"0",7,0,1,NA
"Gahengeri","Rurambi",2010,0,"0",1,0,1,NA
"Gahengeri","Rurambi",2051,0,"70000",7,0,5,NA
"Gahengeri","Rurambi",2052,0,"0",0,0,NA,NA
"Gahengeri","Rurambi",2053,0,"0",7,1,5,5
"Gahengeri","Rurambi",2083,20000,"220000",1,0,5,NA
"Gahengeri","Rurambi",2084,30000,"35000",1,0,5,NA
"Gahengeri","Rurambi",2085,0,"0",7,0,5,NA
"Gahengeri","Rurambi",2086,1e+05,"0",3,0,1,NA
"Gahengeri","Rurambi",2088,659000,"0",4,0,1,NA
"Gahengeri","Rurambi",2089,0,"170000",2,0,1,NA
"Gahengeri","Rwarugaju",4092,0,"0",4,0,1,NA
"Gahengeri","Rwarugaju",4093,15000,"0",3,0,1,NA
"Gahengeri","Rwarugaju",4094,0,"0",2,7,5,5
"Gahengeri","Rwarugaju",4096,0,"0",4,0,5,NA
"Gahengeri","Rwarugaju",4254,12000,"0",1,7,5,5
"Gahengeri","Rwarugaju",4255,0,"0",5,2,1,5
"Gahengeri","Rwarugaju",4256,4000,"0",0,0,NA,NA
"Gahengeri","Rwarugaju",4257,0,"0",7,0,1,NA
"Gahengeri","Rwarugaju",4258,0,"0",7,0,1,NA
"Gahengeri","Rwarugaju",4259,0,"0",7,0,5,NA
"Gahengeri","Rwarugaju",4260,220000,"300000",7,1,1,5
"Gahengeri","Rwarugaju",4262,0,"0",0,0,NA,NA
"Gahengeri","Rwarugaju",4263,0,"0",7,0,5,NA
"Gahengeri","Rwarugaju",4264,0,"150000",2,0,5,NA
"Gahengeri","Rwarugaju",4265,0,"0",4,0,5,NA
"Gahengeri","Rwarugaju",4266,210000,"50000",0,0,NA,NA
"Gahengeri","Rwarugaju",4267,80000,"0",7,0,1,NA
"Gahengeri","Rwarugaju",4269,0,"0",3,0,5,NA
"Gahengeri","Rwarugaju",4271,2e+05,"0",1,0,5,NA
"Gahengeri","Rwarugaju",4272,150000,"200000",1,0,5,NA
"Gahengeri","Rwarugaju",4273,10000,"0",12,2,5,5
"Gahengeri","Rwarugaju",4274,135000,"0",14,0,5,NA
"Gahengeri","Rwarugaju",4275,10000,"0",7,0,5,NA
"Gahengeri","Rwarugaju",4276,0,"0",5,0,5,NA
"Gahengeri","Rwarugaju",4277,0,"2100",7,1,1,5
"Gahengeri","Rwarugaju",4278,0,"0",3,2,1,5
"Gahengeri","Rwarugaju",4372,3e+05,"0",7,0,1,NA
"Gahengeri","Samatare",4004,0,"14000",7,0,1,NA
"Gahengeri","Samatare",4005,150000,"0",2,0,5,NA
"Gahengeri","Samatare",4006,0,"0",3,0,5,NA
"Gahengeri","Samatare",4097,119000,"150000",3,0,5,NA
"Gahengeri","Samatare",4098,0,"0",5,0,1,NA
"Gahengeri","Samatare",4101,50000,"90000",1,0,5,NA
"Gahengeri","Samatare",4103,0,"0",7,0,1,NA
"Gahengeri","Samatare",4279,64000,"0",7,0,5,NA
"Gahengeri","Samatare",4280,20750,"0",7,0,5,NA
"Gahengeri","Samatare",4282,0,"0",2,0,5,NA
"Gahengeri","Samatare",4285,75000,"0",2,0,5,NA
"Gahengeri","Samatare",4288,0,"200000",3,0,1,NA
"Gahengeri","Samatare",4289,0,"0",1,0,5,NA
"Gahengeri","Samatare",4290,0,"0",3,0,1,NA
"Gahengeri","Samatare",4291,0,"18000",7,1,1,5
"Gahengeri","Samatare",4292,0,"0",3,0,5,NA
"Gahengeri","Samatare",4293,3e+05,"150000",8,0,1,NA
"Gahengeri","Samatare",4294,0,"15000",7,0,5,NA
"Gahengeri","Samatare",4297,104000,"0",7,0,1,NA
"Gahengeri","Samatare",4298,0,"0",3,0,1,NA
"Gahengeri","Samatare",4299,60000,"0",1,1,5,5
"Gahengeri","Samatare",4301,3e+05,"0",5,0,5,NA
"Gahengeri","Samatare",4303,14000,"0",2,0,1,NA
"Gahengeri","Samatare",4305,0,"0",3,0,1,NA
"Gahengeri","Samatare",4306,57500,"0",4,0,1,NA
"Gahengeri","Samatare",4307,336000,"0",6,0,5,NA
"Gahengeri","Samatare",4308,0,"0",7,0,1,NA
"Gahengeri","Samatare",4309,0,"0",7,0,1,NA
"Gahengeri","Samatare",4310,120000,"41000",7,0,5,NA
"Gahengeri","Samatare",4311,30000,"0",5,0,1,NA
"Gahengeri","Samatare",4312,0,"0",0,0,NA,NA
"Gahengeri","Samatare",4313,4000,"7000",3,2,5,5
"Gahengeri","Samatare",4319,0,"0",3,0,5,NA
"Gahengeri","Samatare",4322,0,"240000",7,2,1,5
"Gahengeri","Samatare",4323,0,"0",14,0,1,NA
"Gahengeri","Samatare",4329,0,"40000",3,0,5,NA
"Gahengeri","Samatare",4330,0,"0",3,0,5,NA
"Gahengeri","Samatare",4333,0,"0",5,7,5,5
"Gahengeri","Samatare",4336,50000,"0",7,2,1,5
"Gahengeri","Samatare",4339,0,"0",3,1,5,5
"Kabare","Gahombya",5096,20000,"0",0,0,NA,NA
"Kabare","Gahombya",5097,5400,"100000",1,0,5,NA
"Kabare","Gahombya",5098,0,"50000",5,0,5,NA
"Kabare","Gahombya",5099,1e+05,"0",1,3,5,5
"Kabare","Kacyiru",5036,30000,"150000",3,0,1,NA
"Kabare","Kacyiru",5037,0,"25000",5,0,5,NA
"Kabare","Kacyiru",5038,30000,"0",7,0,1,NA
"Kabare","Kacyiru",5039,80000,"70000",0,0,NA,NA
"Kabare","Kacyiru",5040,80000,"22500",2,0,5,NA
"Kabare","Kacyiru",5041,170000,"0",1,0,5,NA
"Kabare","Kacyiru",5043,70000,"200000",7,0,5,NA
"Kabare","Kacyiru",5044,15000,"0",3,0,1,NA
"Kabare","Kacyiru",5045,250000,"0",3,0,1,NA
"Kabare","Kajevuba",5102,48000,"500000",7,0,5,NA
"Kabare","Kajevuba",5103,0,"0",2,0,1,NA
"Kabare","Kajevuba",5105,8000,"15000",1,0,5,NA
"Kabare","Kanyetonga",5046,17000,"80000",2,0,5,NA
"Kabare","Kanyetonga",5047,4000,"20000",4,0,5,NA
"Kabare","Kanyetonga",5049,0,"0",3,0,1,NA
"Kabare","Kibimba",5001,0,"0",2,0,5,NA
"Kabare","Kibimba",5003,50000,"10000",2,0,5,NA
"Kabare","Kibimba",5004,0,"0",4,0,5,NA
"Kabare","Kibimba",5051,38000,"60000",1,0,1,NA
"Kabare","Kibimba",5052,30000,"5000",3,0,1,NA
"Kabare","Kibimba",5053,60000,"70000",7,0,1,NA
"Kabare","Kibimba",5054,4000,"0",0,0,NA,NA
"Kabare","Kibimba",5056,130000,"80000",3,0,1,NA
"Kabare","Kibimba",5057,0,"2000",7,0,1,NA
"Kabare","Kibimba",5058,1e+05,"0",7,0,5,NA
"Kabare","Kibimba",5059,2e+05,"0",2,0,1,NA
"Kabare","Kiburara",5063,5000,"150000",2,0,5,NA
"Kabare","Kiburara",5064,150000,"0",0,1,NA,5
"Kabare","Kiburara",5066,0,"0",3,0,5,NA
"Kabare","Kiburara",5067,800,"0",2,0,5,NA
"Kabare","Kiburara",5068,0,"15000",2,0,5,NA
"Kabare","Kiburara",5072,0,"148000",5,0,5,NA
"Kabare","Kiburara",5073,80000,"100000",3,0,5,NA
"Kabare","Kiburara",5074,0,"80000",7,0,5,NA
"Kabare","Kiburara",5076,0,"100000",4,0,1,NA
"Kabare","Kiburara",5078,0,"5000",3,0,5,NA
"Kabare","Kiburara",5079,30000,"20000",3,0,1,NA
"Kabare","Kiburara",5080,30000,"0",7,0,1,NA
"Kabare","Kibuye",5007,585000,"50000",3,0,1,NA
"Kabare","Kibuye",5008,20000,"0",2,0,5,NA
"Kabare","Kibuye",5009,10000,"6000",2,0,5,NA
"Kabare","Kibuye",5011,60000,"0",3,0,5,NA
"Kabare","Kibuye",5012,0,"0",0,0,NA,NA
"Kabare","Kibuye",5013,0,"0",3,0,5,NA
"Kabare","Kibuye",5014,240000,"0",7,0,5,NA
"Kabare","Ntungamo",5016,0,"0",0,0,NA,NA
"Kabare","Ntungamo",5017,30000,"0",2,0,1,NA
"Kabare","Ntungamo",5019,0,"200000",7,7,1,5
"Kabare","Ntungamo",5020,0,"0",4,1,1,5
"Kabare","Nyabugogo",5021,0,"50000",2,0,5,NA
"Kabare","Nyabugogo",5026,0,"0",0,2,NA,5
"Kabare","Nyabugogo",5027,2e+05,"0",0,4,NA,5
"Kabare","Nyabugogo",5028,50000,"0",7,0,5,NA
"Kabare","Nyabugogo",5029,12000,"0",1,0,5,NA
"Kabare","Nyabugogo",5031,0,"1000000",3,7,5,5
"Kabare","Nyabugogo",7107,111700,"65000",3,0,5,NA
"Kabare","Nyabugogo",7113,40000,"0",0,0,NA,NA
"Kabare","Nyabugogo",7114,150000,"40000",0,2,NA,5
"Kabare","Nyabugogo",7116,0,"0",3,0,6,NA
"Kabare","Nyabugogo",7117,26000,"0",7,0,5,NA
"Kabare","Nyabugogo",7118,0,"30000",6,0,5,NA
"Kabare","Nyabugogo",7119,17000,"0",2,0,5,NA
"Kabare","Nyabugogo",7121,36000,"0",0,0,NA,NA
"Kabare","Nyabugogo",7123,70000,"0",1,0,5,NA
"Kabare","Rugunga",5106,0,"0",0,0,NA,NA
"Kabare","Rugunga",5107,10000,"0",3,0,5,NA
"Kabare","Rugunga",5108,9000,"0",4,0,5,NA
"Kabare","Rugunga",5109,378000,"108000",1,0,5,NA
"Kabare","Rugunga",5111,110000,"36000",5,0,5,NA
"Kabare","Rugunga",5112,0,"200000",3,0,5,NA
"Kabare","Rugunga",5113,21700,"0",2,0,5,NA
"Kabare","Rugunga",5114,0,"18000",0,0,NA,NA
"Kabare","Rwabarema",5081,15000,"0",2,0,5,NA
"Kabare","Rwabarema",5083,0,"0",1,2,1,5
"Kabare","Rwabarema",5084,10500,"10000",4,0,1,NA
"Kabare","Rwakavuna",5086,50000,"0",4,0,5,NA
"Kabare","Rwakavuna",5087,0,"0",0,0,NA,NA
"Kabare","Rwakavuna",5088,80000,"0",7,0,5,NA
"Kabare","Rwakavuna",5090,60000,"0",0,0,NA,NA
"Kabare","Rwakavuna",5091,0,"0",7,0,1,NA
"Kabare","Rwakavuna",5092,0,"0",2,0,1,NA
"Kabare","Rwakavuna",5094,3000,"0",6,0,1,NA
"Kabare","Rwakavuna",5095,0,"0",4,1,1,5
"Karenge","Cyerwa",3051,40000,"0",3,0,1,NA
"Karenge","Cyerwa",3054,0,"0",3,0,1,NA
"Karenge","Cyerwa",3056,52000,"0",7,0,1,NA
"Karenge","Kanyangese",3036,0,"800000",7,2,5,5
"Karenge","Kanyangese",3041,50000,"60000",7,2,5,5
"Karenge","Kanyangese",3043,85000,"50000",7,0,1,NA
"Karenge","Kanyangese",3044,30000,"0",7,0,5,NA
"Karenge","Karenge",3021,0,"200000",1,0,5,NA
"Karenge","Karenge",3022,60000,"100000",7,1,1,5
"Karenge","Karenge",3023,50000,"0",1,2,5,5
"Karenge","Karenge",3024,3e+05,"0",3,2,1,5
"Karenge","Karenge",3024,3e+05,"0",3,2,1,5
"Karenge","Karenge",3025,220000,"20000",3,2,1,5
"Karenge","Ntebe",3028,50000,"300000",1,5,1,5
"Karenge","Ntebe",3029,0,"0",7,0,1,NA
"Karenge","Nyabubare",3047,12000,"0",3,0,1,NA
"Karenge","Nyabubare",3048,292000,"0",1,0,1,NA
"Karenge","Nyabubare",3050,3500,"0",3,0,1,NA
"Karenge","Nyakabuye",3057,80000,"0",2,0,5,NA
"Karenge","Nyakabuye",3058,24000,"36000",7,0,1,NA
"Karenge","Nyakabuye",3059,0,"150000",5,1,5,5
"Karenge","Nyakabuye",3060,35000,"0",3,0,5,NA
"Karenge","Nyamatete",3062,184600,"200000",7,1,1,5
"Karenge","Nyamatete",3063,0,"0",7,0,1,NA
"Karenge","Nyamatete",3065,125200,"0",4,0,1,NA
"Karenge","Rebero",3033,610000,"120000",2,0,1,NA
"Karenge","Rebero",3034,32000,"0",3,0,5,NA
"Karenge","Rebero",3035,4e+05,"0",4,0,1,NA
"Karenge","Runzenze",3017,19000,"0",1,0,6,NA
"Karenge","Runzenze",3018,3e+05,"0",3,0,5,NA
"Karenge","Runzenze",3020,0,"0",7,0,1,NA
"Karenge","Runzenze",3115,255550,"0",2,0,1,NA
"Karenge","Runzenze",3116,0,"0",0,0,NA,NA
"Karenge","Runzenze",3117,180000,"0",3,0,5,NA
"Karenge","Runzenze",3118,0,"0",2,0,1,NA
"Karenge","Ryamugabo",3038,30000,"0",2,0,1,NA
"Kigabiro","Bugugu",1077,0,"0",3,0,1,NA
"Kigabiro","Bugugu",1078,0,"0",0,0,NA,NA
"Kigabiro","Bugugu",1080,0,"0",1,0,5,NA
"Kigabiro","Gahonogo",1056,0,"0",1,2,5,5
"Kigabiro","Gahonogo",1057,7500,"0",6,0,5,NA
"Kigabiro","Gahonogo",1058,0,"500000",4,2,5,5
"Kigabiro","Gahonogo",1059,0,"0",5,0,5,NA
"Kigabiro","Gahonogo",1060,0,"500000",2,0,1,NA
"Kigabiro","Kamanga",1084,0,"100000",3,0,5,NA
"Kigabiro","Kamanga",1086,0,"270000",7,1,5,5
"Kigabiro","Kamanga",1087,5000,"0",1,0,5,NA
"Kigabiro","Kamanga",1088,0,"0",0,0,NA,NA
"Kigabiro","Kamanga",1090,4000,"0",1,0,5,NA
"Kigabiro","Kamanga",1091,0,"0",4,0,5,NA
"Kigabiro","Kamanga",1093,0,"0",5,0,6,NA
"Kigabiro","Kamanga",1094,0,"450000",3,0,5,NA
"Kigabiro","Kamanga",1095,24000,"0",1,0,5,NA
"Kigabiro","Kigega",1061,0,"20000",2,0,5,NA
"Kigabiro","Kigega",1063,0,"0",6,0,5,NA
"Kigabiro","Kigega",1064,0,"0",1,0,5,NA
"Kigabiro","Kigega",1065,220000,"150000",2,0,5,NA
"Kigabiro","Kigega",1066,7000,"0",1,0,1,NA
"Kigabiro","Kigega",1067,0,"230000",0,0,NA,NA
"Kigabiro","Kigega",1068,0,"200000",3,0,5,NA
"Kigabiro","Kigega",1070,0,"0",1,0,5,NA
"Kigabiro","Kirehe",1071,0,"50000",1,0,5,NA
"Kigabiro","Kirehe",1072,0,"0",0,0,NA,NA
"Kigabiro","Kirehe",1073,5000,"300000",4,0,5,NA
"Kigabiro","Kirehe",1074,0,"400000",1,1,5,5
"Kigabiro","Kirehe",1075,15000,"7000",1,0,5,NA
"Kigabiro","Kiruhura",1101,0,"80000",7,4,1,5
"Kigabiro","Kiruhura",1103,0,"300000",0,0,NA,NA
"Kigabiro","Kiruhura",1104,40000,"0",7,2,1,5
"Kigabiro","Kiruhura",1105,30000,"20000",4,0,5,NA
"Kigabiro","Rushangara",1097,0,"0",0,0,NA,NA
"Kigabiro","Rushangara",1098,54000,"0",7,0,1,NA
"Kigabiro","Rushangara",1100,0,"0",7,0,1,NA
"Kigabiro","Rushangara",2019,135400,"0",0,0,NA,NA
"Kigabiro","Umuganura",1051,0,"0",2,0,5,NA
"Kigabiro","Umuganura",1052,0,"500000",2,3,5,5
"Kigabiro","Umuganura",1053,0,"200000",7,0,1,NA
"Kigabiro","Umuganura",1054,50000,"580000",3,3,1,5
"Kigabiro","Umuganura",1079,0,"0",1,0,5,NA
"Kigabiro","Umuganura",1081,10000,"140000",0,0,NA,NA
"Muyumbu","Bitega",3105,50000,"0",3,0,5,NA
"Muyumbu","Bitega",3106,0,"0",1,0,5,NA
"Muyumbu","Bitega",3107,140000,"0",0,3,NA,5
"Muyumbu","Bitega",3110,15000,"0",3,0,1,NA
"Muyumbu","Bitega",3111,0,"0",0,0,NA,NA
"Muyumbu","Bitega",3112,0,"0",0,0,NA,NA
"Muyumbu","Bitega",3113,0,"0",3,0,5,NA
"Muyumbu","Bitega",3114,0,"0",0,0,NA,NA
"Muyumbu","Bitega",3520,0,"0",0,0,NA,NA
"Muyumbu","Bitega",3521,30000,"50000",7,0,5,NA
"Muyumbu","Bitega",3522,5e+05,"0",7,0,5,NA
"Muyumbu","Bitega",3523,450000,"0",2,0,5,NA
"Muyumbu","Bitega",3524,150000,"400000",7,0,5,NA
"Muyumbu","Bitega",3525,6e+05,"0",7,0,1,NA
"Muyumbu","Bitega",3526,0,"0",0,0,NA,NA
"Muyumbu","Bitega",3527,0,"360000",0,0,NA,NA
"Muyumbu","Bitega",3528,0,"0",7,0,5,NA
"Muyumbu","Bitega",3529,0,"150000",3,0,1,NA
"Muyumbu","Bitega",3530,0,"0",3,0,1,NA
"Muyumbu","Bitega",3531,0,"0",0,0,NA,NA
"Muyumbu","Bitega",3532,0,"100000",0,0,NA,NA
"Muyumbu","Bitega",3533,3e+05,"0",NA,NA,NA,NA
"Muyumbu","Bitega",3534,12000,"100000",2,2,1,5
"Muyumbu","Bitega",3535,4e+05,"0",4,0,5,NA
"Muyumbu","Bitega",3536,0,"0",4,0,1,NA
"Muyumbu","Bitega",3537,0,"0",3,0,5,NA
"Muyumbu","Bitega",3538,0,"0",3,0,5,NA
"Muyumbu","Bitega",3539,0,"0",0,0,NA,NA
"Muyumbu","Bitega",3540,0,"0",3,0,5,NA
"Muyumbu","Bitega",3541,50000,"0",3,5,5,5
"Muyumbu","Bitega",3542,0,"0",3,0,5,NA
"Muyumbu","Bitega",3543,0,"0",3,0,5,NA
"Muyumbu","Bitega",3544,0,"0",4,0,5,NA
"Muyumbu","Bitega",3545,0,"0",NA,NA,NA,NA
"Muyumbu","Bitega",3546,0,"0",1,0,1,NA
"Muyumbu","Bitega",3548,0,"30000",1,0,1,NA
"Muyumbu","Bitega",3549,0,"0",4,0,5,NA
"Muyumbu","Bitega",3550,160000,"0",7,3,5,5
"Muyumbu","Bitega",3551,0,"50000",3,0,5,NA
"Muyumbu","Bitega",3552,0,"0",2,0,5,NA
"Muyumbu","Bitega",3554,120000,"0",5,0,5,NA
"Muyumbu","Bitega",3555,0,"45960",3,0,5,NA
"Muyumbu","Bitega",3556,5000,"0",7,0,1,NA
"Muyumbu","Bitega",3558,0,"0",7,0,5,NA
"Muyumbu","Bitega",3560,0,"0",2,0,5,NA
"Muyumbu","Bitega",3561,0,"0",3,0,5,NA
"Muyumbu","Bitega",3562,0,"0",4,0,5,NA
"Muyumbu","Bitega",3563,0,"0",0,0,NA,NA
"Muyumbu","Bitega",3564,0,"0",3,0,5,NA
"Muyumbu","Bitega",3565,3000,"0",4,0,5,NA
"Muyumbu","Bitega",3567,250000,"0",7,0,1,NA
"Muyumbu","Bitega",3568,0,"0",7,0,1,NA
"Muyumbu","Bitega",3570,0,"30000",2,0,5,NA
"Muyumbu","Gakomeye",2011,8100,"0",7,0,5,NA
"Muyumbu","Gakomeye",2012,0,"0",0,0,NA,NA
"Muyumbu","Gakomeye",2013,0,"0",7,0,5,NA
"Muyumbu","Gakomeye",2014,0,"0",0,0,NA,NA
"Muyumbu","Gasave",2018,10000,"10000",3,0,5,NA
"Muyumbu","Gasave",2022,0,"0",7,0,1,NA
"Muyumbu","Gasave",2024,25000,"6000",3,1,1,5
"Muyumbu","Gasave",2109,0,"0",1,0,5,NA
"Muyumbu","Gisenyi",2026,135000,"0",3,2,1,5
"Muyumbu","Gisenyi",2027,101700,"0",5,0,5,NA
"Muyumbu","Gisenyi",2030,0,"0",0,0,NA,NA
"Muyumbu","Gisenyi",2032,15000,"0",4,0,1,NA
"Muyumbu","Gisenyi",2057,1236000,"150000",6,0,1,NA
"Muyumbu","Kajororo",2031,0,"0",5,0,1,NA
"Muyumbu","Kajororo",3451,0,"0",2,0,1,NA
"Muyumbu","Kajororo",3452,0,"0",3,2,5,5
"Muyumbu","Kajororo",3453,6000,"0",1,0,5,NA
"Muyumbu","Kajororo",3454,20000,"0",2,2,5,5
"Muyumbu","Kajororo",3455,20000,"0",3,0,5,NA
"Muyumbu","Kajororo",3456,0,"0",0,0,NA,NA
"Muyumbu","Kajororo",3457,0,"100000",5,0,5,NA
"Muyumbu","Kajororo",3458,50000,"70000",4,0,1,NA
"Muyumbu","Kajororo",3459,0,"0",0,0,NA,NA
"Muyumbu","Kajororo",3460,1e+05,"0",0,0,NA,NA
"Muyumbu","Kajororo",3461,20000,"15000",5,0,1,NA
"Muyumbu","Kajororo",3462,0,"100000",4,0,5,NA
"Muyumbu","Kajororo",3463,1e+05,"300000",1,0,5,NA
"Muyumbu","Kajororo",3464,0,"0",0,0,NA,NA
"Muyumbu","Kajororo",3465,36000,"115000",3,0,5,NA
"Muyumbu","Kajororo",3466,6000,"50000",3,0,5,NA
"Muyumbu","Kajororo",3467,0,"0",2,0,5,NA
"Muyumbu","Kajororo",3468,150000,"0",3,0,5,NA
"Muyumbu","Kajororo",3469,25000,"0",2,0,5,NA
"Muyumbu","Kajororo",3581,0,"0",0,0,NA,NA
"Muyumbu","Kajororo",3582,50000,"0",7,0,5,NA
"Muyumbu","Kajororo",3583,0,"0",0,0,NA,NA
"Muyumbu","Kajororo",3584,1e+05,"0",7,0,5,NA
"Muyumbu","Kajororo",3585,30000,"35000",3,0,1,NA
"Muyumbu","Kajororo",3586,40000,"0",3,0,5,NA
"Muyumbu","Kajororo",3588,0,"0",0,0,NA,NA
"Muyumbu","Kajororo",3589,0,"150000",2,0,5,NA
"Muyumbu","Kajororo",3590,4e+05,"0",2,0,5,NA
"Muyumbu","Kajororo",3591,0,"50000",1,0,5,NA
"Muyumbu","Kajororo",3592,0,"20000",0,0,NA,NA
"Muyumbu","Kampigika",2003,1e+05,"0",3,0,1,NA
"Muyumbu","Kampigika",2004,0,"0",3,0,5,NA
"Muyumbu","Kampigika",2005,0,"0",3,0,1,NA
"Muyumbu","Kampigika",2033,0,"0",3,0,5,NA
"Muyumbu","Kampigika",2049,1e+05,"0",0,0,NA,NA
"Muyumbu","Kampigika",3559,10000,"0",0,0,NA,NA
"Muyumbu","Kanyinya",2037,0,"360000",4,0,5,NA
"Muyumbu","Kanyinya",2038,0,"0",3,0,1,NA
"Muyumbu","Kanyinya",2039,5000,"463000",2,0,1,NA
"Muyumbu","Kanyinya",2074,0,"0",3,0,5,NA
"Muyumbu","Kanyinya",2095,30000,"0",2,0,1,NA
"Muyumbu","Kayigi",3102,20000,"20000",4,0,5,NA
"Muyumbu","Kayigi",3103,177600,"0",4,0,5,NA
"Muyumbu","Kayigi",3104,0,"30000",7,0,5,NA
"Muyumbu","Kayigi",3360,0,"0",4,0,5,NA
"Muyumbu","Kayigi",3404,2500000,"4000000",1,1,5,5
"Muyumbu","Kayigi",3412,0,"0",7,0,1,NA
"Muyumbu","Murehe",3109,0,"20000",2,0,5,NA
"Muyumbu","Murehe",3403,0,"0",0,0,NA,NA
"Muyumbu","Murehe",3405,0,"0",3,0,5,NA
"Muyumbu","Murehe",3406,0,"100000",2,0,5,NA
"Muyumbu","Murehe",3407,0,"46000",7,0,1,NA
"Muyumbu","Murehe",3408,0,"0",1,0,5,NA
"Muyumbu","Murehe",3409,0,"0",NA,NA,NA,NA
"Muyumbu","Murehe",3410,12000,"0",0,0,NA,NA
"Muyumbu","Murehe",3411,15000,"0",5,0,1,NA
"Muyumbu","Murehe",3413,0,"0",2,0,5,NA
"Muyumbu","Murehe",3414,0,"0",0,0,NA,NA
"Muyumbu","Murehe",3415,0,"0",2,0,5,NA
"Muyumbu","Murehe",3416,1e+05,"0",3,1,5,5
"Muyumbu","Murehe",3417,0,"45000",7,0,5,NA
"Muyumbu","Murehe",3419,0,"3000",7,0,1,NA
"Muyumbu","Murehe",3420,20000,"0",3,2,5,5
"Muyumbu","Murehe",3421,50000,"30000",2,0,5,NA
"Muyumbu","Murehe",3422,0,"20000",0,0,NA,NA
"Muyumbu","Murehe",3423,15000,"0",7,0,1,NA
"Muyumbu","Murehe",3424,0,"0",0,2,NA,5
"Muyumbu","Murehe",3425,40000,"0",1,0,5,NA
"Muyumbu","Murehe",3426,0,"0",0,0,NA,NA
"Muyumbu","Murehe",3427,0,"0",2,0,5,NA
"Muyumbu","Murehe",3428,0,"40000",3,2,5,5
"Muyumbu","Murehe",3429,160000,"0",2,0,5,NA
"Muyumbu","Murehe",3430,0,"0",0,0,NA,NA
"Muyumbu","Murehe",3432,0,"0",7,0,1,NA
"Muyumbu","Murehe",3433,0,"0",3,0,5,NA
"Muyumbu","Murehe",3434,0,"0",4,0,5,NA
"Muyumbu","Murehe",3435,0,"0",3,0,5,NA
"Muyumbu","Murehe",3436,0,"0",3,0,5,NA
"Muyumbu","Murehe",3437,3000,"0",1,0,1,NA
"Muyumbu","Murehe",3438,50000,"0",2,0,5,NA
"Muyumbu","Murehe",3439,30000,"0",3,0,5,NA
"Muyumbu","Murehe",3440,0,"0",6,0,5,NA
"Muyumbu","Murehe",3441,0,"70000",0,0,NA,NA
"Muyumbu","Murehe",3442,0,"0",0,0,NA,NA
"Muyumbu","Murehe",3443,0,"0",4,0,5,NA
"Muyumbu","Murehe",3444,50000,"0",2,0,1,NA
"Muyumbu","Murehe",3445,3e+05,"0",0,0,NA,NA
"Muyumbu","Murehe",3447,50000,"0",2,0,5,NA
"Muyumbu","Murehe",3448,0,"30000",2,1,5,5
"Muyumbu","Murehe",3449,0,"0",7,0,5,NA
"Muyumbu","Murehe",3450,0,"0",1,0,5,NA
"Muyumbu","Murehe",3470,4000,"0",2,1,1,5
"Muyumbu","Murehe",3471,20000,"10000",5,0,5,NA
"Muyumbu","Murehe",3472,3e+05,"0",2,0,5,NA
"Muyumbu","Murehe",3473,70000,"34000",4,0,5,NA
"Muyumbu","Murehe",3474,15000,"-88",0,0,NA,NA
"Muyumbu","Murehe",3475,0,"0",7,0,5,NA
"Muyumbu","Murehe",3476,15000,"0",2,0,5,NA
"Muyumbu","Murehe",3478,2e+05,"0",3,0,5,NA
"Muyumbu","Murehe",3480,1e+05,"0",4,0,5,NA
"Muyumbu","Murehe",3481,1e+05,"100000",0,0,NA,NA
"Muyumbu","Murehe",3482,0,"50000",0,0,NA,NA
"Muyumbu","Murehe",3483,30000,"0",1,1,5,5
"Muyumbu","Murehe",3484,12000,"0",4,0,5,NA
"Muyumbu","Murehe",3485,5e+05,"800000",2,0,1,NA
"Muyumbu","Murehe",3486,0,"30000",2,2,5,5
"Muyumbu","Murehe",3487,0,"0",3,0,5,NA
"Muyumbu","Murehe",3488,40000,"200000",7,0,5,NA
"Muyumbu","Murehe",3489,2e+05,"0",7,7,1,5
"Muyumbu","Murehe",3490,0,"20000",4,1,5,5
"Muyumbu","Murehe",3491,0,"20000",7,0,1,NA
"Muyumbu","Murehe",3492,0,"250000",4,0,5,NA
"Muyumbu","Murehe",3493,27000,"300000",7,2,5,5
"Muyumbu","Murehe",3494,10000,"10000",0,0,NA,NA
"Muyumbu","Murehe",3495,20000,"0",7,7,5,5
"Muyumbu","Murehe",3496,150000,"0",2,0,5,NA
"Muyumbu","Murehe",3498,0,"50000",7,3,5,5
"Muyumbu","Murehe",3499,5e+05,"0",3,3,5,5
"Muyumbu","Murehe",3501,20000,"30000",4,0,5,NA
"Muyumbu","Murehe",3502,50000,"0",2,0,5,NA
"Muyumbu","Murehe",3503,3e+05,"50000",2,7,5,5
"Muyumbu","Murehe",3504,80000,"0",3,0,1,NA
"Muyumbu","Murehe",3505,15000,"80000",2,3,5,5
"Muyumbu","Murehe",3506,60000,"0",2,0,1,NA
"Muyumbu","Murehe",3507,2e+05,"0",2,0,5,NA
"Muyumbu","Murehe",3508,4e+05,"440000",3,0,1,NA
"Muyumbu","Murehe",3509,98000,"0",7,0,1,NA
"Muyumbu","Murehe",3510,2e+05,"300000",5,0,1,NA
"Muyumbu","Murehe",3511,38000,"0",3,0,5,NA
"Muyumbu","Murehe",3512,0,"400000",3,0,5,NA
"Muyumbu","Murehe",3513,50000,"300000",7,7,1,1
"Muyumbu","Murehe",3514,150000,"0",2,0,5,NA
"Muyumbu","Murehe",3515,7e+05,"0",3,0,5,NA
"Muyumbu","Murehe",3516,0,"15000",2,0,5,NA
"Muyumbu","Murehe",3517,50000,"0",4,0,1,NA
"Muyumbu","Murehe",3518,50000,"0",3,0,5,NA
"Muyumbu","Murehe",3519,1e+05,"0",3,0,5,NA
"Muyumbu","Murehe",3573,10000,"0",3,0,5,NA
"Muyumbu","Murehe",3574,10000,"0",2,0,5,NA
"Muyumbu","Murehe",3575,15000,"20000",6,0,1,NA
"Muyumbu","Murehe",3576,25000,"20000",7,0,1,NA
"Muyumbu","Murehe",3577,90000,"20000",3,0,5,NA
"Muyumbu","Murehe",3578,0,"0",0,0,NA,NA
"Muyumbu","Murehe",3579,24000,"0",0,0,NA,NA
"Muyumbu","Murehe",3580,30000,"0",0,0,NA,NA
"Muyumbu","Samuramba",2006,45000,"0",1,0,5,NA
"Muyumbu","Samuramba",2008,1e+05,"20000",0,0,NA,NA
"Muyumbu","Samuramba",2009,0,"0",5,3,1,5
"Mwulire","Gasharu",4035,0,"0",2,0,1,NA
"Mwulire","Gasharu",4037,0,"84000",2,0,5,NA
"Mwulire","Gasharu",4038,222600,"200000",3,0,1,NA
"Mwulire","Gisanza",1012,1e+05,"0",2,0,1,NA
"Mwulire","Gisanza",1013,29000,"0",1,0,1,NA
"Mwulire","Gisanza",1014,20000,"10000",7,5,5,5
"Mwulire","Gisanza",1015,0,"0",7,1,1,5
"Mwulire","Gisanza",1017,0,"0",0,0,NA,NA
"Mwulire","Gisanza",1019,0,"0",0,0,NA,NA
"Mwulire","Gisanza",1020,10000,"0",0,0,NA,NA
"Mwulire","Karama",4040,0,"0",2,0,5,NA
"Mwulire","Karama",4041,6500,"0",2,0,5,NA
"Mwulire","Karama",4043,21000,"0",3,0,1,NA
"Mwulire","Manene",4044,3e+05,"100000",7,0,1,NA
"Mwulire","Manene",4045,1000,"0",2,0,6,NA
"Mwulire","Manene",4046,20000,"20000",3,0,5,NA
"Mwulire","Manene",4047,0,"0",0,0,NA,NA
"Mwulire","Manene",4048,0,"0",3,0,5,NA
"Mwulire","Manene",4051,30000,"0",2,0,5,NA
"Mwulire","Manene",4052,30000,"0",7,0,5,NA
"Mwulire","Mpinga",1021,90000,"0",1,0,1,NA
"Mwulire","Mpinga",1022,31500,"0",7,0,1,NA
"Mwulire","Mpinga",1023,40000,"0",2,2,5,5
"Mwulire","Mpinga",1024,514000,"0",7,0,1,NA
"Mwulire","Mpinga",1025,0,"60000",7,0,5,NA
"Mwulire","Mpinga",1026,0,"25000",7,0,1,NA
"Mwulire","Mpinga",1027,13000,"5000",7,0,1,NA
"Mwulire","Mpinga",1028,0,"0",1,0,1,NA
"Mwulire","Mpinga",1029,0,"0",5,0,1,NA
"Mwulire","Mpinga",1030,247000,"0",0,0,NA,NA
"Mwulire","Nkira",4023,0,"270000",1,0,5,NA
"Mwulire","Nkira",4024,0,"0",3,0,5,NA
"Mwulire","Nkira",4026,0,"240000",7,0,5,NA
"Mwulire","Nkira",4138,0,"0",7,0,1,NA
"Mwulire","Nkira",4140,76000,"0",3,0,5,NA
"Mwulire","Nkira",4142,0,"0",0,0,NA,NA
"Mwulire","Nkira",4143,150000,"0",7,0,1,NA
"Mwulire","Nkira",4145,10500,"15000",4,0,5,NA
"Mwulire","Nkira",4181,101000,"0",6,0,5,NA
"Mwulire","Rebero",1033,45000,"0",2,1,5,5
"Mwulire","Rebero",1034,5e+05,"500000",2,0,1,NA
"Mwulire","Rebero",1035,0,"0",2,0,1,NA
"Mwulire","Rebero",1036,16500,"0",7,0,5,NA
"Mwulire","Rebero",1037,0,"0",7,0,1,NA
"Mwulire","Rebero",1039,0,"0",1,0,1,NA
"Mwulire","Rebero",1040,0,"0",3,0,5,NA
"Mwulire","Rebero",4007,6000,"0",7,0,5,NA
"Mwulire","Rebero",4009,0,"470000",4,0,5,NA
"Mwulire","Rebero",4010,0,"50000",5,0,5,NA
"Mwulire","Rebero",4011,0,"150000",4,0,5,NA
"Mwulire","Rebero",4012,0,"0",7,0,1,NA
"Mwulire","Rebero",4013,0,"20000",2,0,5,NA
"Mwulire","Rebero",4014,0,"5600",7,0,5,NA
"Mwulire","Rebero",4016,0,"0",7,3,5,5
"Mwulire","Rebero",4017,24000,"150000",2,0,5,NA
"Mwulire","Rebero",4018,0,"0",0,0,NA,NA
"Mwulire","Rebero",4020,6500,"0",3,0,5,NA
"Mwulire","Rebero",4021,0,"0",0,0,NA,NA
"Mwulire","Rebero",4119,150000,"603000",7,0,1,NA
"Mwulire","Rebero",4120,60000,"50000",5,3,5,5
"Mwulire","Rebero",4121,0,"0",1,0,1,NA
"Mwulire","Rebero",4122,197500,"0",7,0,5,NA
"Mwulire","Rebero",4123,0,"0",5,0,1,NA
"Mwulire","Rebero",4125,50000,"0",2,0,5,NA
"Mwulire","Rebero",4127,50000,"0",0,0,NA,NA
"Mwulire","Rebero",4128,0,"0",5,0,5,NA
"Mwulire","Rebero",4129,45000,"0",1,0,5,NA
"Mwulire","Rebero",4130,4050,"0",2,0,5,NA
"Mwulire","Rebero",4132,0,"50000",1,0,5,NA
"Mwulire","Rebero",4134,43800,"0",3,0,5,NA
"Mwulire","Rebero",4180,4500,"5000",0,0,NA,NA
"Mwulire","Rebero",4187,0,"0",1,0,6,NA
"Mwulire","Rebero",4189,0,"200000",7,3,5,5
"Mwulire","Rebero",4198,36000,"30000",7,0,5,NA
"Mwulire","Rebero",4199,0,"100000",7,7,5,5
"Mwulire","Rugenge",3001,0,"0",0,0,NA,NA
"Mwulire","Rugenge",3002,1e+05,"0",2,0,5,NA
"Mwulire","Rugenge",3004,1e+05,"0",2,0,5,NA
"Mwulire","Rugenge",3005,0,"0",0,0,NA,NA
"Mwulire","Rugenge",3006,0,"0",0,0,NA,NA
"Mwulire","Rugenge",3007,0,"0",2,0,5,NA
"Mwulire","Rugenge",3008,0,"0",0,0,NA,NA
"Mwulire","Rugenge",3009,0,"0",0,0,NA,NA
"Mwulire","Rugenge",3011,0,"20000",1,0,5,NA
"Mwulire","Rugenge",3013,7e+05,"200000",3,7,1,1
"Mwulire","Rugenge",3014,24000,"0",3,0,1,NA
"Mwulire","Rugenge",3593,0,"20000",2,0,5,NA
"Mwulire","Rugenge",3594,0,"25000",0,0,NA,NA
"Mwulire","Rugenge",3595,1e+05,"0",2,4,1,5
"Mwulire","Rugenge",3596,25000,"50000",3,0,1,NA
"Mwulire","Rugenge",3597,35000,"0",5,0,5,NA
"Mwulire","Rugenge",3598,40000,"0",2,0,5,NA
"Mwulire","Rugenge",3599,90000,"0",0,0,NA,NA
"Mwulire","Rugenge",3600,0,"0",2,0,5,NA
"Mwulire","Rugenge",3601,0,"0",2,0,5,NA
"Mwulire","Rugenge",3602,0,"0",0,0,NA,NA
"Mwulire","Rugenge",3603,0,"10000",7,0,5,NA
"Mwulire","Rugenge",3604,0,"0",0,0,NA,NA
"Mwulire","Rugenge",3605,-66,"-66",7,0,5,NA
"Mwulire","Rugenge",3606,0,"0",7,0,5,NA
"Mwulire","Rugenge",3607,0,"10000",0,0,NA,NA
"Mwulire","Rugenge",3608,2e+05,"0",7,4,1,5
"Mwulire","Rugenge",3609,1e+05,"0",2,0,5,NA
"Mwulire","Rugenge",3610,0,"0",0,0,NA,NA
"Mwulire","Rugenge",3612,0,"0",0,0,NA,NA
"Mwulire","Rugenge",3613,30000,"0",4,0,5,NA
"Mwulire","Rugenge",3614,0,"0",0,0,NA,NA
"Mwulire","Rugenge",3615,3e+05,"0",1,0,1,NA
"Mwulire","Rugenge",3616,50000,"0",0,0,NA,NA
"Mwulire","Rugenge",3617,0,"0",0,0,NA,NA
"Mwulire","Rugenge",3618,1e+05,"0",0,0,NA,NA
"Mwulire","Rugenge",3619,20000,"0",1,0,5,NA
"Mwulire","Rugenge",3620,6500,"0",0,0,NA,NA
"Mwulire","Rugenge",3621,0,"20000",4,0,5,NA
"Mwulire","Rugenge",3622,30000,"0",0,0,NA,NA
"Mwulire","Rugenge",3625,0,"0",2,1,5,5
"Mwulire","Rugenge",3626,3e+05,"300000",7,7,1,5
"Mwulire","Rugenge",3627,50000,"0",0,0,NA,NA
"Mwulire","Rugenge",3628,0,"20000",5,0,5,NA
"Mwulire","Rugenge",3629,70000,"0",3,0,5,NA
"Mwulire","Rugenge",3630,0,"25000",3,0,5,NA
"Mwulire","Rugenge",3631,20000,"100000",2,0,5,NA
"Mwulire","Rugenge",3632,15000,"150000",1,1,5,5
"Mwulire","Rugenge",3633,15000,"200000",7,0,1,NA
"Mwulire","Rugenge",3634,1e+05,"0",2,0,5,NA
"Mwulire","Rugenge",3635,209000,"720000",2,5,5,4
"Mwulire","Rugenge",3636,0,"5000",5,1,5,5
"Mwulire","Rugenge",3637,20000,"100000",2,0,5,NA
"Mwulire","Rugenge",3638,9e+05,"0",7,0,5,NA
"Mwulire","Rugenge",3639,0,"0",0,0,NA,NA
"Mwulire","Rugenge",3640,10000,"0",0,0,NA,NA
"Mwulire","Rugenge",3641,1e+05,"0",4,0,1,NA
"Mwulire","Rugenge",3642,0,"0",2,0,5,NA
"Mwulire","Rugenge",3643,40000,"0",3,0,1,NA
"Mwulire","Rugenge",3644,0,"70000",NA,NA,NA,NA
"Mwulire","Rugenge",3645,0,"0",0,0,NA,NA
"Mwulire","Rugenge",3646,15000,"130000",0,0,NA,NA
"Mwulire","Rugenge",3647,0,"0",2,0,5,NA
"Mwulire","Rugenge",3648,0,"0",0,0,NA,NA
"Mwulire","Rugenge",3650,40000,"200000",4,0,1,NA
"Mwulire","Rugenge",3651,70000,"150000",3,0,5,NA
"Mwulire","Rugenge",3652,40000,"0",1,0,5,NA
"Mwulire","Rugenge",3653,50000,"150000",2,2,5,5
"Mwulire","Rugenge",3656,0,"0",0,0,NA,NA
"Mwulire","Rugenge",3657,0,"0",3,0,5,NA
"Mwulire","Rugenge",3658,0,"0",1,0,5,NA
"Mwulire","Rugenge",3659,0,"50000",0,0,NA,NA
"Mwulire","Rugenge",3660,18000,"0",5,0,1,NA
"Mwulire","Rugenge",3661,40000,"0",0,0,NA,NA
"Mwulire","Rugenge",3662,0,"0",1,0,5,NA
"Mwulire","Rugenge",3663,30000,"0",4,0,5,NA
"Mwulire","Rugenge",3664,150000,"130000",2,0,5,NA
"Mwulire","Rugenge",3666,0,"50000",3,0,5,NA
"Mwulire","Rugenge",3667,0,"0",1,0,5,NA
"Mwulire","Rugenge",3668,0,"0",2,2,5,5
"Mwulire","Rugenge",3669,16500,"0",7,0,1,NA
"Mwulire","Rugenge",3670,0,"0",4,0,5,NA
"Mwulire","Rugenge",3671,50000,"0",14,0,1,NA
"Mwulire","Rugenge",3672,0,"0",0,0,NA,NA
"Mwulire","Rugenge",3673,0,"110000",0,0,NA,NA
"Mwulire","Rugenge",3674,0,"0",7,3,5,5
"Mwulire","Rugenge",3675,0,"0",4,0,5,NA
"Mwulire","Rugenge",3676,0,"0",7,0,5,NA
"Mwulire","Rugenge",3677,0,"150000",5,0,5,NA
"Mwulire","Rugenge",3678,45000,"0",2,0,5,NA
"Mwulire","Rugenge",3679,1e+05,"0",7,0,1,NA
"Mwulire","Rugenge",3680,0,"0",0,0,NA,NA
"Mwulire","Rugenge",3681,15000,"0",7,2,1,5
"Mwulire","Rugenge",3683,15000,"0",3,0,1,NA
"Mwulire","Rugenge",3684,0,"30000",NA,NA,NA,NA
"Mwulire","Rugenge",3685,0,"38000",0,0,NA,NA
"Mwulire","Rugenge",3686,0,"500000",4,0,5,NA
"Mwulire","Rugenge",3687,250000,"0",3,0,5,NA
"Mwulire","Rugenge",3688,0,"0",0,0,NA,NA
"Mwulire","Rugenge",3689,50000,"0",1,5,1,5
"Mwulire","Rugenge",3690,0,"0",0,0,NA,NA
"Mwulire","Rugenge",3691,0,"0",0,0,NA,NA
"Mwulire","Rugenge",3692,0,"0",2,0,5,NA
"Mwulire","Rugenge",3693,20000,"0",7,0,1,NA
"Mwulire","Rugenge",3694,0,"0",3,0,5,NA
"Mwulire","Rugenge",3695,0,"0",2,0,1,NA
"Mwulire","Rugenge",3696,0,"250000",7,0,5,NA
"Mwulire","Rugenge",3697,0,"0",4,0,1,NA
"Mwulire","Rugenge",3698,0,"0",3,0,1,NA
"Mwulire","Rugenge",3700,0,"0",2,0,5,NA
"Mwulire","Rugenge",3701,30000,"0",7,0,5,NA
"Mwulire","Rugenge",3702,1000,"3000",4,0,5,NA
"Mwulire","Rugenge",3703,50000,"150000",2,0,1,NA
"Mwulire","Rugenge",3704,20000,"0",4,4,5,5
"Mwulire","Rugenge",3705,2e+05,"0",2,0,5,NA
"Mwulire","Rugenge",3706,50000,"0",0,0,NA,NA
"Mwulire","Rugenge",3707,0,"0",4,0,5,NA
"Mwulire","Rugenge",3708,0,"0",1,0,1,NA
"Mwulire","Rugenge",3709,0,"0",0,0,NA,NA
"Mwulire","Rugenge",3710,20000,"0",2,0,5,NA
"Mwulire","Rugenge",3711,0,"0",1,0,5,NA
"Mwulire","Rugenge",3712,0,"0",0,0,NA,NA
"Mwulire","Rugenge",3713,0,"0",4,0,1,NA
"Mwulire","Rugenge",3714,26250,"60000",2,0,5,NA
"Mwulire","Rugenge",3715,0,"30000",3,7,5,5
"Mwulire","Rugenge",3716,80000,"18000",3,0,5,NA
"Mwulire","Rugenge",3717,2e+05,"0",7,0,1,NA
"Mwulire","Rugenge",3718,0,"450000",7,4,5,5
"Mwulire","Rugenge",3720,0,"0",3,0,5,NA
"Mwulire","Rugenge",3721,38000,"0",2,0,5,NA
"Mwulire","Rugenge",3722,0,"0",2,0,5,NA
"Mwulire","Rugenge",3724,0,"50000",3,0,1,NA
"Mwulire","Rugenge",3725,0,"0",0,0,NA,NA
"Mwulire","Rugenge",3726,0,"100000",2,0,5,NA
"Mwulire","Rugenge",3727,0,"0",3,0,1,NA
"Mwulire","Rugenge",3728,7800,"0",0,0,NA,NA
"Mwulire","Rugenge",3729,0,"0",2,0,1,NA
"Mwulire","Rugenge",3730,0,"0",2,0,5,NA
"Mwulire","Rugenge",3731,0,"40000",7,0,1,NA
"Mwulire","Rugenge",3732,0,"20000",1,0,1,NA
"Mwulire","Rugenge",3733,0,"2000",0,0,NA,NA
"Mwulire","Rugenge",3734,0,"0",3,0,5,NA
"Mwulire","Rugenge",3735,2400,"0",0,0,NA,NA
"Mwulire","Rugenge",3736,0,"0",7,0,5,NA
"Mwulire","Rugenge",3737,0,"20000",0,0,NA,NA
"Mwulire","Rugenge",3738,0,"40000",2,0,5,NA
"Mwulire","Rugenge",3739,40000,"0",0,0,NA,NA
"Mwulire","Rugenge",3740,30000,"0",0,0,NA,NA
"Mwulire","Rugenge",3741,0,"0",1,0,5,NA
"Mwulire","Rugenge",3742,80000,"100000",3,2,1,5
"Mwulire","Rugenge",3743,0,"0",0,0,NA,NA
"Mwulire","Rugenge",3744,0,"0",1,0,5,NA
"Mwulire","Rugenge",3745,0,"15000",0,0,NA,NA
"Mwulire","Rugenge",3746,0,"0",3,1,5,5
"Mwulire","Rugenge",3747,150000,"0",4,0,1,NA
"Mwulire","Rugenge",3748,30000,"0",3,0,5,NA
"Mwulire","Rugenge",3749,80000,"100000",7,0,5,NA
"Mwulire","Rugenge",3750,0,"0",4,0,1,NA
"Mwulire","Rugenge",3751,150000,"0",2,1,1,5
"Mwulire","Rugenge",3752,50000,"0",2,0,5,NA
"Mwulire","Rugenge",3753,0,"0",0,0,NA,NA
"Mwulire","Rugenge",3754,2e+05,"0",0,0,NA,NA
"Mwulire","Rugenge",3756,0,"80000",0,0,NA,NA
"Mwulire","Rugenge",3757,0,"0",7,0,5,NA
"Mwulire","Rugenge",3758,70000,"0",3,4,5,5
"Mwulire","Rugenge",3759,10000,"5000",7,0,1,NA
"Mwulire","Rugenge",3760,0,"0",1,0,5,NA
"Mwulire","Rugenge",3761,0,"50000",3,0,1,NA
"Mwulire","Rugenge",3762,0,"0",NA,NA,NA,NA
"Mwulire","Rugenge",3763,50000,"0",7,0,5,NA
"Mwulire","Rugenge",3764,20000,"15000",7,0,5,NA
"Mwulire","Rugenge",3765,0,"10000",1,0,5,NA
"Mwulire","Rugenge",3766,0,"0",0,0,NA,NA
"Mwulire","Rugenge",3767,0,"0",5,0,5,NA
"Mwulire","Rugenge",3768,280400,"0",2,0,1,NA
"Mwulire","Rugenge",3769,0,"0",2,0,1,NA
"Mwulire","Rugenge",3771,0,"0",0,0,NA,NA
"Mwulire","Rugenge",3772,0,"0",2,0,5,NA
"Mwulire","Rugenge",3773,87000,"150000",3,0,1,NA
"Mwulire","Rugenge",3775,0,"0",5,3,1,5
"Mwulire","Rugenge",3776,0,"50000",1,0,1,NA
"Mwulire","Rugenge",3777,0,"0",3,0,1,NA
"Mwulire","Rugenge",3778,30000,"0",1,0,5,NA
"Mwulire","Rugenge",3779,15000,"20000",2,0,1,NA
"Mwulire","Rugenge",3781,70000,"0",5,0,1,NA
"Mwulire","Rugenge",3782,0,"0",0,0,NA,NA
"Mwulire","Rugenge",3783,0,"0",7,0,5,NA
"Mwulire","Rugenge",3784,0,"0",3,0,1,NA
"Mwulire","Rugenge",3785,0,"0",3,0,5,NA
"Mwulire","Rugenge",3787,0,"0",2,0,5,NA
"Mwulire","Rugenge",3788,50000,"0",2,1,1,5
"Mwulire","Rugenge",3789,0,"0",3,0,5,NA
"Mwulire","Rugenge",4001,0,"0",0,0,NA,NA
"Mwulire","Rugenge",4002,136000,"27000",3,3,1,5
"Mwulire","Rugenge",4028,6000,"180000",3,0,5,NA
"Mwulire","Rugenge",4029,130000,"40000",6,3,5,5
"Mwulire","Rugenge",4030,0,"60000",7,0,5,NA
"Mwulire","Rugenge",4032,80000,"0",2,2,5,5
"Mwulire","Rugenge",4033,0,"16000",5,0,5,NA
"Mwulire","Rugenge",4034,2080,"0",2,0,1,NA
"Mwulire","Rugenge",4147,50000,"0",5,0,1,NA
"Mwulire","Rugenge",4148,0,"0",3,0,5,NA
"Mwulire","Rugenge",4152,0,"0",7,0,1,NA
"Mwulire","Rugenge",4153,170000,"100000",3,0,5,NA
"Mwulire","Rugenge",4155,0,"0",0,0,NA,NA
"Mwulire","Rugenge",4156,0,"0",0,0,NA,NA
"Mwulire","Rugenge",4158,5e+05,"1000000",2,0,5,NA
"Mwulire","Rugenge",4159,0,"160000",3,3,5,5
"Mwulire","Rugenge",4160,0,"0",7,0,5,NA
"Mwulire","Rugenge",4163,0,"0",2,0,1,NA
"Mwulire","Rugenge",4164,0,"300000",6,0,5,NA
"Mwulire","Rugenge",4165,0,"0",7,0,1,NA
"Mwulire","Rugenge",4166,45000,"0",3,0,1,NA
"Mwulire","Rugenge",4168,103000,"0",2,0,5,NA
"Mwulire","Rugenge",4169,0,"0",1,0,1,NA
"Mwulire","Rugenge",4171,0,"0",5,0,5,NA
"Mwulire","Rugenge",4172,0,"0",5,0,5,NA
"Mwulire","Rugenge",4175,84000,"0",7,0,1,NA
"Mwulire","Rugenge",4176,0,"0",7,0,1,NA
"Mwulire","Rugenge",4178,2250,"0",1,0,5,NA
"Mwulire","Rugenge",4179,0,"0",0,0,NA,NA
"Mwulire","Rugenge",4184,0,"0",0,0,NA,NA
"Mwulire","Rugenge",4185,210000,"0",3,0,5,NA
"Mwulire","Rugenge",4188,272500,"50000",7,2,5,5
"Mwulire","Rugenge",4193,566000,"1500000",0,0,NA,NA
"Mwulire","Rugenge",4194,0,"20000",7,0,1,NA
"Mwulire","Rwimbogo",1001,25000,"20000",7,1,1,5
"Mwulire","Rwimbogo",1002,44000,"0",7,0,1,NA
"Mwulire","Rwimbogo",1003,0,"0",7,0,1,NA
"Mwulire","Rwimbogo",1004,30000,"0",7,0,1,NA
"Mwulire","Rwimbogo",1006,0,"100000",7,0,1,NA
"Mwulire","Rwimbogo",1007,0,"0",0,0,NA,NA
"Mwulire","Rwimbogo",1008,88000,"0",5,0,1,NA
"Mwulire","Rwimbogo",1009,48500,"31000",2,0,5,NA
"Mwulire","Rwimbogo",1010,0,"0",2,1,5,5
"Mwulire","Rwimbogo",1041,12000,"0",7,0,5,NA
"Mwulire","Rwimbogo",1042,0,"0",2,2,5,5
"Mwulire","Rwimbogo",1043,74000,"0",2,0,1,NA
"Mwulire","Rwimbogo",1044,1e+05,"180000",7,0,5,NA
"Mwulire","Rwimbogo",1045,250000,"150000",2,0,1,NA
"Mwulire","Rwimbogo",1046,0,"38000",7,0,1,NA
"Mwulire","Rwimbogo",1047,30000,"0",3,2,5,5
"Mwulire","Rwimbogo",1048,1800,"0",3,0,5,NA
"Mwulire","Rwimbogo",1049,0,"0",2,0,1,NA
"Mwulire","Rwimbogo",4053,0,"0",1,1,5,5
"Mwulire","Rwimbogo",4056,0,"17000",7,0,5,NA
"Mwulire","Rwimbogo",4207,138600,"100000",3,0,5,NA
"Mwulire","Rwimbogo",4208,81000,"60000",5,0,1,NA
"Nyamirama","Nyarunazi",7001,0,"0",7,0,5,NA
"Nyamirama","Nyarunazi",7002,20000,"0",3,0,1,NA
"Nyamirama","Nyarunazi",7003,0,"0",7,0,1,NA
"Nyamirama","Nyarunazi",7004,30000,"0",3,0,5,NA
"Nyamirama","Nyarunazi",7006,25000,"0",5,0,1,NA
"Nyamirama","Nyarunazi",7008,50000,"0",3,2,1,5
"Nyamirama","Nyarunazi",7009,30000,"0",2,0,5,NA
"Nyamirama","Nyarunazi",7010,0,"50000",4,0,5,NA
"Nyamirama","Nyarunazi",7011,84000,"0",7,3,1,5
"Nyamirama","Nyarunazi",7012,7500,"0",4,0,1,NA
"Nyamirama","Nyarunazi",7014,3000,"0",1,0,1,NA
"Nyamirama","Nyarunazi",7015,0,"60000",3,2,1,5
"Nyamirama","Nyarunazi",7016,0,"3000",7,0,1,NA
"Nyamirama","Nyarunazi",7017,0,"8500",0,0,NA,NA
"Nyamirama","Nyarunazi",7018,15000,"100000",2,0,1,NA
"Nyamirama","Nyarunazi",7019,0,"0",0,0,NA,NA
"Nyamirama","Nyarunazi",7021,25000,"40000",4,0,5,NA
"Nyamirama","Nyarunazi",7022,40000,"50000",5,0,1,NA
"Nyamirama","Nyarunazi",7023,10000,"0",7,0,1,NA
"Nyamirama","Nyarunazi",7024,24000,"500000",1,2,1,5
"Nyamirama","Nyarunazi",7026,28500,"-88",2,0,5,NA
"Nyamirama","Nyarunazi",7027,40000,"0",1,1,5,5
"Nyamirama","Nyarunazi",7028,71000,"60000",2,1,5,5
"Nyamirama","Nyarunazi",7029,7500,"20000",3,0,1,NA
"Nyamirama","Nyarunazi",7030,6000,"0",1,0,5,NA
"Nyamirama","Nyarunazi",7031,250000,"0",7,3,5,5
"Nyamirama","Nyarunazi",7032,40000,"0",0,0,NA,NA
"Nyamirama","Nyarunazi",7033,50000,"0",3,0,1,NA
"Nyamirama","Nyarunazi",7034,0,"0",3,0,5,NA
"Nyamirama","Nyarunazi",7036,0,"50000",4,0,1,NA
"Nyamirama","Nyarunazi",7037,80000,"0",3,5,1,5
"Nyamirama","Nyarunazi",7038,3e+05,"0",7,2,1,5
"Nyamirama","Nyarunazi",7039,9000,"0",3,0,1,NA
"Nyamirama","Nyarunazi",7041,0,"0",2,0,1,NA
"Nyamirama","Nyarunazi",7042,46000,"20000",1,0,5,NA
"Nyamirama","Nyarunazi",7043,0,"30000",2,0,5,NA
"Nyamirama","Nyarunazi",7044,84000,"300",7,0,1,NA
"Nyamirama","Nyarunazi",7046,50000,"200000",4,0,5,NA
"Nyamirama","Nyarunazi",7047,45000,"10000",5,0,1,NA
"Nyamirama","Nyarunazi",7048,0,"0",3,0,5,NA
"Nyamirama","Nyarunazi",7049,0,"0",1,0,5,NA
"Nyamirama","Nyarunazi",7051,0,"0",4,0,5,NA
"Nyamirama","Nyarunazi",7052,63000,"0",0,0,NA,NA
"Nyamirama","Nyarunazi",7053,0,"0",3,0,5,NA
"Nyamirama","Nyarunazi",7054,14000,"0",3,0,1,NA
"Nyamirama","Nyarunazi",7056,0,"180000",4,1,5,5
"Nyamirama","Nyarunazi",7057,0,"0",7,0,1,NA
"Nyamirama","Nyarunazi",7058,0,"0",0,1,NA,5
"Nyamirama","Nyarunazi",7059,0,"1000000",0,3,NA,5
"Nyamirama","Nyarunazi",7061,0,"100000",3,2,5,5
"Nyamirama","Nyarunazi",7062,0,"20000",3,3,5,5
"Nyamirama","Nyarunazi",7063,30000,"0",1,0,5,NA
"Nyamirama","Nyarunazi",7064,0,"0",5,0,5,NA
"Nyamirama","Nyarunazi",7066,20000,"0",7,0,1,NA
"Nyamirama","Nyarunazi",7067,5000,"0",7,0,1,NA
"Nyamirama","Nyarunazi",7068,25000,"0",3,0,1,NA
"Nyamirama","Nyarunazi",7069,0,"5000",3,0,5,NA
"Nyamirama","Nyarunazi",7071,30000,"10000",2,0,5,NA
"Nyamirama","Nyarunazi",7072,7000,"45000",3,0,5,NA
"Nyamirama","Nyarunazi",7073,0,"50000",2,0,5,NA
"Nyamirama","Nyarunazi",7074,50000,"0",0,0,NA,NA
"Nyamirama","Nyarunazi",7076,0,"0",4,4,4,5
"Nyamirama","Nyarunazi",7077,0,"0",3,0,5,NA
"Nyamirama","Nyarunazi",7079,0,"63000",1,0,5,NA
"Nyamirama","Nyarunazi",7080,60000,"0",0,0,NA,NA
"Nyamirama","Nyarunazi",7081,20000,"0",7,0,1,NA
"Nyamirama","Nyarunazi",7082,30000,"0",7,0,1,NA
"Nyamirama","Nyarunazi",7083,0,"0",4,0,1,NA
"Nyamirama","Nyarunazi",7084,0,"50000",3,0,5,NA
"Nyamirama","Nyarunazi",7086,10000,"0",0,0,NA,NA
"Nyamirama","Nyarunazi",7087,0,"50000",3,0,1,NA
"Nyamirama","Nyarunazi",7088,25000,"60000",7,0,5,NA
"Nyamirama","Nyarunazi",7089,150000,"0",7,0,5,NA
"Nyamirama","Nyarunazi",7091,32000,"50000",7,0,1,NA
"Nyamirama","Nyarunazi",7093,0,"100000",7,0,5,NA
"Nyamirama","Nyarunazi",7094,0,"0",NA,NA,NA,NA
"Nyamirama","Nyarunazi",7095,15000,"25000",3,0,5,NA
"Nyamirama","Nyarunazi",7096,16000,"0",0,0,NA,NA
"Nyamirama","Nyarunazi",7097,72000,"100000",0,0,NA,NA
"Nyamirama","Nyarunazi",7098,33500,"50000",0,0,NA,NA
"Nyamirama","Nyarunazi",7099,10000,"20000",6,0,1,NA
"Nyamirama","Nyarunazi",7101,0,"30000",5,0,1,NA
"Nyamirama","Nyarunazi",7102,30000,"0",7,0,1,NA
"Nyamirama","Nyarunazi",7103,0,"12000",0,0,NA,NA
"Nyamirama","Nyarunazi",7104,0,"0",1,0,5,NA
"Nzige","Agasharu",2090,9e+05,"0",2,0,1,NA
"Nzige","Agasharu",3086,42000,"0",7,0,5,NA
"Nzige","Agasharu",3087,5000,"0",3,0,5,NA
"Nzige","Agasharu",3088,-88,"0",2,0,1,NA
"Nzige","Agasharu",3219,280000,"0",7,2,1,5
"Nzige","Agasharu",3220,0,"0",0,0,NA,NA
"Nzige","Agasharu",3221,0,"0",0,0,NA,NA
"Nzige","Agasharu",3222,0,"0",1,0,5,NA
"Nzige","Agasharu",3223,30000,"0",7,0,5,NA
"Nzige","Agasharu",3224,18000,"0",7,5,1,5
"Nzige","Agasharu",3225,50000,"0",1,0,5,NA
"Nzige","Agasharu",3226,0,"0",6,0,5,NA
"Nzige","Agasharu",3227,2500,"40000",7,0,5,NA
"Nzige","Agasharu",3228,10000,"0",3,0,5,NA
"Nzige","Agasharu",3229,11000,"0",1,0,5,NA
"Nzige","Agasharu",3230,0,"600000",7,3,5,5
"Nzige","Agasharu",3231,85000,"8000",0,0,NA,NA
"Nzige","Agasharu",3232,40000,"0",0,0,NA,NA
"Nzige","Agasharu",3233,0,"0",43,3,5,5
"Nzige","Agasharu",3234,8e+05,"0",7,0,5,NA
"Nzige","Agasharu",3235,5e+05,"200000",0,0,NA,NA
"Nzige","Agasharu",3236,0,"35000",6,0,1,NA
"Nzige","Agasharu",3237,184000,"160000",7,7,1,5
"Nzige","Agasharu",3254,0,"0",2,0,1,NA
"Nzige","Agasharu",3274,27000,"0",4,0,1,NA
"Nzige","Agasharu",3275,1e+05,"0",2,0,5,NA
"Nzige","Agasharu",3276,0,"0",0,0,NA,NA
"Nzige","Agasharu",3277,15000,"0",2,0,1,NA
"Nzige","Agasharu",3278,0,"0",7,3,5,5
"Nzige","Agasharu",3279,0,"0",0,0,NA,NA
"Nzige","Agasharu",3280,0,"0",0,0,NA,NA
"Nzige","Agasharu",3281,0,"0",0,0,NA,NA
"Nzige","Agasharu",3282,45000,"0",0,0,NA,NA
"Nzige","Agasharu",3283,20000,"0",7,0,1,NA
"Nzige","Agasharu",3284,0,"0",1,0,5,NA
"Nzige","Agasharu",3346,0,"0",4,0,1,NA
"Nzige","Agasharu",3383,10000,"0",7,4,5,5
"Nzige","Agasharu",3386,0,"0",0,0,NA,NA
"Nzige","Agasharu",3388,0,"0",0,0,NA,NA
"Nzige","Agasharu",3389,360000,"0",1,7,1,5
"Nzige","Akanzige",2017,60000,"40000",3,0,5,NA
"Nzige","Akanzige",2023,6960,"0",2,0,1,NA
"Nzige","Akanzige",4104,0,"189000",0,2,NA,5
"Nzige","Akanzige",4107,0,"0",2,0,5,NA
"Nzige","Akanzige",4374,18000,"0",3,0,1,NA
"Nzige","Bitega",3081,10000,"0",1,1,5,5
"Nzige","Bitega",3082,0,"70000",4,5,1,5
"Nzige","Bitega",3083,80000,"50000",7,0,1,NA
"Nzige","Bitega",3084,50000,"0",4,0,1,NA
"Nzige","Bitega",3085,50000,"0",3,0,5,NA
"Nzige","Gatoki",2106,21000,"0",7,0,1,NA
"Nzige","Gatoki",2107,0,"0",3,0,5,NA
"Nzige","Gatoki",2108,0,"50000",3,0,5,NA
"Nzige","Gatoki",2110,28000,"0",3,0,1,NA
"Nzige","Gikoni",2072,0,"0",2,0,5,NA
"Nzige","Gikoni",2101,0,"0",2,0,1,NA
"Nzige","Gikoni",2102,0,"0",2,1,1,5
"Nzige","Gikoni",2103,0,"0",2,0,5,NA
"Nzige","Gikoni",4109,3000,"0",1,0,1,NA
"Nzige","Gikoni",4110,0,"0",8,0,5,NA
"Nzige","Gikoni",4111,0,"0",0,0,NA,NA
"Nzige","Gikoni",4112,15000,"100000",2,0,5,NA
"Nzige","Gikoni",4114,15000,"0",0,0,NA,NA
"Nzige","Gikoni",4115,10000,"0",1,0,1,NA
"Nzige","Gikoni",4116,124000,"0",7,0,1,NA
"Nzige","Gisenyi",4058,77450,"0",7,2,1,5
"Nzige","Gisenyi",4059,21500,"0",3,0,5,NA
"Nzige","Gisenyi",4060,0,"0",1,0,1,NA
"Nzige","Gisenyi",4062,0,"300000",4,3,1,5
"Nzige","Gisenyi",4376,27000,"0",3,0,5,NA
"Nzige","Gisenyi",4377,0,"0",6,0,1,NA
"Nzige","Gisenyi",4378,82000,"350000",9,2,1,5
"Nzige","Kabeza",2112,25000,"810000",3,0,5,NA
"Nzige","Kabeza",2113,0,"0",3,0,6,NA
"Nzige","Kabeza",2114,0,"12000",0,0,NA,NA
"Nzige","Kabeza",2115,80000,"45000",5,0,5,NA
"Nzige","Kajevuba",4064,2e+05,"250000",3,0,1,NA
"Nzige","Kajevuba",4068,0,"0",2,0,6,NA
"Nzige","Kajevuba",4069,0,"50000",2,2,5,5
"Nzige","Kajevuba",4070,0,"0",2,0,5,NA
"Nzige","Kajevuba",4209,0,"0",0,0,NA,NA
"Nzige","Kajevuba",4210,270000,"0",2,0,1,NA
"Nzige","Kamakuka",3252,0,"0",1,2,5,5
"Nzige","Kamakuka",3309,150000,"50000",14,0,1,NA
"Nzige","Kamakuka",3311,125000,"0",10,0,1,NA
"Nzige","Kamakuka",3312,0,"0",7,0,5,NA
"Nzige","Kamakuka",3313,0,"0",3,0,5,NA
"Nzige","Kamakuka",3361,30000,"0",3,0,5,NA
"Nzige","Kamakuka",3362,0,"50000",2,1,5,5
"Nzige","Kamakuka",3363,0,"50000",2,0,5,NA
"Nzige","Kamakuka",3364,4000,"0",5,2,1,5
"Nzige","Kamakuka",3365,2000,"0",2,0,5,NA
"Nzige","Kamakuka",3366,0,"1600000",1,0,5,NA
"Nzige","Kamakuka",3367,0,"0",0,0,NA,NA
"Nzige","Kamakuka",3368,2000,"24000",7,0,1,NA
"Nzige","Kamakuka",3369,7500,"0",0,0,NA,NA
"Nzige","Kamakuka",3370,70000,"100000",2,0,5,NA
"Nzige","Kamakuka",3371,0,"0",0,0,NA,NA
"Nzige","Kamakuka",3372,0,"0",2,2,5,5
"Nzige","Kamakuka",3373,0,"27000",0,0,NA,NA
"Nzige","Kamakuka",3376,74000,"30000",0,3,NA,5
"Nzige","Kamakuka",3378,0,"0",4,0,1,NA
"Nzige","Kamakuka",3379,0,"0",2,0,5,NA
"Nzige","Kamakuka",3380,30000,"0",1,0,5,NA
"Nzige","Kamakuka",3381,0,"100000",2,0,5,NA
"Nzige","Kamakuka",3391,0,"80000",3,0,1,NA
"Nzige","Kamakuka",3395,0,"0",3,1,1,5
"Nzige","Kamakuka",3397,30000,"0",2,1,5,5
"Nzige","Kamakuka",3398,10000,"0",0,0,NA,NA
"Nzige","Kibabara",3091,0,"0",3,2,5,5
"Nzige","Kibabara",3092,0,"0",3,0,1,NA
"Nzige","Kibabara",3093,0,"0",3,0,5,NA
"Nzige","Kibabara",3171,0,"20000",7,0,5,NA
"Nzige","Kibabara",3200,10000,"245000",7,0,1,NA
"Nzige","Kibabara",3201,0,"0",2,0,5,NA
"Nzige","Kibabara",3202,0,"0",3,1,5,5
"Nzige","Kibabara",3203,40000,"0",1,0,1,NA
"Nzige","Kibabara",3204,0,"50000",3,0,5,NA
"Nzige","Kibabara",3205,3080000,"0",4,0,5,NA
"Nzige","Kibabara",3206,0,"0",2,0,5,NA
"Nzige","Kibabara",3207,0,"200000",2,0,5,NA
"Nzige","Kibabara",3208,1083000,"1000000",7,0,1,NA
"Nzige","Kibabara",3209,0,"200000",2,0,5,NA
"Nzige","Kibabara",3210,0,"40000",2,0,5,NA
"Nzige","Kibabara",3213,0,"150000",0,0,NA,NA
"Nzige","Kibabara",3214,46000,"0",2,0,5,NA
"Nzige","Kibabara",3215,15000,"0",7,0,1,NA
"Nzige","Kibabara",3216,0,"0",7,0,1,NA
"Nzige","Kibabara",3240,0,"0",0,0,NA,NA
"Nzige","Kibabara",3241,0,"0",7,0,1,NA
"Nzige","Kibabara",3242,0,"0",4,0,5,NA
"Nzige","Kibabara",3243,3000,"0",2,0,5,NA
"Nzige","Kibabara",3244,0,"70000",NA,NA,NA,NA
"Nzige","Kibabara",3245,150000,"30000",2,0,1,NA
"Nzige","Kibabara",3246,10000,"2000",3,0,5,NA
"Nzige","Kibabara",3247,-88,"40000",2,0,5,NA
"Nzige","Kibabara",3248,0,"0",1,0,5,NA
"Nzige","Kibabara",3249,0,"0",0,0,NA,NA
"Nzige","Kibabara",3250,0,"0",7,7,1,5
"Nzige","Kibabara",3251,0,"50000",7,0,5,NA
"Nzige","Kibabara",3253,0,"0",2,0,5,NA
"Nzige","Kibabara",3255,0,"150000",7,0,5,NA
"Nzige","Kibabara",3256,0,"50000",7,0,6,NA
"Nzige","Kibabara",3257,12000,"0",1,0,5,NA
"Nzige","Kibabara",3258,0,"0",14,0,5,NA
"Nzige","Kibabara",3259,0,"0",7,0,5,NA
"Nzige","Kibabara",3260,0,"50000",2,0,5,NA
"Nzige","Kibabara",3261,20000,"200000",7,0,1,NA
"Nzige","Kibabara",3262,0,"0",0,0,NA,NA
"Nzige","Kibabara",3263,20000,"0",7,0,1,NA
"Nzige","Kibabara",3264,75000,"35000",7,0,5,NA
"Nzige","Kibabara",3265,0,"0",2,0,5,NA
"Nzige","Kibabara",3266,0,"0",0,0,NA,NA
"Nzige","Kibabara",3267,0,"0",7,2,1,5
"Nzige","Kibabara",3268,0,"0",0,0,NA,NA
"Nzige","Kibabara",3269,430000,"56000",2,0,1,NA
"Nzige","Kibabara",3270,25000,"0",6,0,1,NA
"Nzige","Kibabara",3272,30000,"0",2,0,1,NA
"Nzige","Kibabara",3273,0,"0",3,0,5,NA
"Nzige","Kibabara",3286,15000,"0",5,0,5,NA
"Nzige","Kibabara",3287,40000,"0",7,0,1,NA
"Nzige","Kibabara",3288,0,"0",7,0,1,NA
"Nzige","Kibabara",3289,70000,"0",2,0,1,NA
"Nzige","Kibabara",3291,0,"0",0,0,NA,NA
"Nzige","Kibabara",3292,0,"0",7,0,5,NA
"Nzige","Kibabara",3292,0,"0",7,0,5,NA
"Nzige","Kibabara",3293,0,"0",3,0,1,NA
"Nzige","Kibabara",3294,150000,"15000",5,0,5,NA
"Nzige","Kibabara",3382,0,"200000",2,2,5,5
"Nzige","Kibabara",3384,0,"0",0,0,NA,NA
"Nzige","Ndinda",3096,38600,"0",0,0,NA,NA
"Nzige","Ndinda",3097,0,"0",2,0,5,NA
"Nzige","Ndinda",3098,10000,"0",3,0,5,NA
"Nzige","Ndinda",3099,0,"0",NA,NA,NA,NA
"Nzige","Ndinda",3297,0,"50000",7,0,5,NA
"Nzige","Ndinda",3298,0,"40000",0,0,NA,NA
"Nzige","Ndinda",3299,156000,"50000",5,0,5,NA
"Nzige","Ndinda",3301,0,"11200000",7,2,5,5
"Nzige","Ndinda",3303,0,"50",7,1,1,5
"Nzige","Ndinda",3304,0,"48000",7,0,1,NA
"Nzige","Ndinda",3305,0,"10000",2,0,5,NA
"Nzige","Ndinda",3306,30000,"0",3,0,5,NA
"Nzige","Ndinda",3307,0,"70000",7,7,5,5
"Nzige","Ndinda",3308,0,"300000",3,0,5,NA
"Nzige","Ndinda",3317,1e+05,"0",7,0,1,NA
"Nzige","Ndinda",3318,0,"0",4,0,1,NA
"Nzige","Ndinda",3319,25000,"0",2,1,1,5
"Nzige","Ndinda",3320,0,"0",0,0,NA,NA
"Nzige","Ndinda",3321,0,"0",3,0,1,NA
"Nzige","Ndinda",3322,0,"0",0,0,NA,NA
"Nzige","Ndinda",3323,20000,"0",3,2,1,5
"Nzige","Ndinda",3324,0,"0",0,0,NA,NA
"Nzige","Ndinda",3325,4e+05,"0",1,0,1,NA
"Nzige","Ndinda",3326,153600,"40000",0,0,NA,NA
"Nzige","Ndinda",3327,0,"100000",5,0,1,NA
"Nzige","Ndinda",3328,0,"0",0,0,NA,NA
"Nzige","Ndinda",3329,0,"0",0,0,NA,NA
"Nzige","Ndinda",3330,0,"0",1,0,1,NA
"Nzige","Ndinda",3331,0,"20000",7,0,1,NA
"Nzige","Ndinda",3332,25000,"0",7,0,5,NA
"Nzige","Ndinda",3333,0,"0",0,0,NA,NA
"Nzige","Ndinda",3334,0,"0",7,7,5,5
"Nzige","Ndinda",3336,75000,"0",5,0,1,NA
"Nzige","Ndinda",3337,0,"50000",4,0,1,NA
"Nzige","Ndinda",3338,50000,"0",5,0,1,NA
"Nzige","Ndinda",3339,0,"0",0,2,NA,5
"Nzige","Ndinda",3340,25000,"0",5,0,1,NA
"Nzige","Ndinda",3341,120000,"0",4,0,1,NA
"Nzige","Ndinda",3342,51000,"85000",5,1,1,5
"Nzige","Ndinda",3343,0,"150000",1,0,5,NA
"Nzige","Ndinda",3344,0,"0",7,0,1,NA
"Nzige","Ndinda",3345,80000,"0",7,0,1,NA
"Nzige","Ndinda",3349,26800,"15000",3,0,5,NA
"Nzige","Ndinda",3350,32000,"0",3,0,1,NA
"Nzige","Ndinda",3351,0,"0",4,0,5,NA
"Nzige","Ndinda",3352,0,"0",2,0,1,NA
"Nzige","Ndinda",3354,0,"40000",0,0,NA,NA
"Nzige","Ndinda",3355,0,"0",2,0,5,NA
"Nzige","Ndinda",3356,0,"0",7,0,1,NA
"Nzige","Ndinda",3357,0,"0",1,0,1,NA
"Nzige","Ndinda",3359,11500,"0",3,0,5,NA
"Nzige","Ndinda",3392,45000,"0",0,0,NA,NA
"Nzige","Ndinda",3399,0,"0",7,0,5,NA
"Nzige","Ndinda",3400,0,"0",0,0,NA,NA
"Nzige","Nyabugogo",1106,227000,"0",0,0,NA,NA
"Nzige","Nyabugogo",1107,0,"0",7,0,5,NA
"Nzige","Nyabugogo",1108,0,"0",7,0,5,NA
"Nzige","Nyabugogo",1109,20000,"0",1,0,1,NA
"Nzige","Nyabugogo",1110,50000,"0",1,0,1,NA
"Nzige","Nyabugogo",3066,135000,"300000",2,0,1,NA
"Nzige","Nyabugogo",3068,0,"0",1,0,6,NA
"Nzige","Nyabugogo",3070,0,"0",4,0,5,NA
"Nzige","Nyabugogo",3071,0,"0",4,0,1,NA
"Nzige","Nyabugogo",3072,0,"0",2,0,1,NA
"Nzige","Nyabugogo",3073,0,"0",4,0,1,NA
"Nzige","Nyabugogo",3074,30000,"0",3,0,1,NA
"Nzige","Nyabugogo",3076,36000,"0",1,0,1,NA
"Nzige","Nyabugogo",3077,50000,"0",7,0,1,NA
"Nzige","Nyabugogo",3078,0,"80000",2,0,1,NA
"Nzige","Nyabugogo",3079,30000,"0",3,2,1,5
"Nzige","Nyabugogo",3080,0,"0",0,0,NA,NA
"Nzige","Nyarusange",2116,185000,"0",3,3,1,5
"Nzige","Nyarusange",2117,92000,"0",0,0,NA,NA
"Nzige","Nyarusange",2118,55000,"30000",2,0,5,NA
"Nzige","Nyarusange",2120,65000,"0",2,0,1,NA
"Nzige","Rugunga",4074,0,"0",1,0,5,NA
"Nzige","Rugunga",4076,84000,"0",0,0,NA,NA
"Nzige","Rugunga",4077,0,"0",0,0,NA,NA
"Nzige","Rugunga",4079,0,"0",3,2,5,5
"Nzige","Rugunga",4380,81000,"15000",0,4,NA,5
"Nzige","Rugunga",4381,0,"0",7,0,1,NA
"Nzige","Rugunga",4382,0,"150000",0,0,NA,NA
"Nzige","Rugunga",4383,7500,"0",2,0,1,NA
"Rwinkwavu","Rubirizi",2082,0,"100000",3,0,1,NA
"Rwinkwavu","Rubirizi",2096,10000,"0",7,0,6,NA
"Rwinkwavu","Rubirizi",7106,1e+05,"20000",4,0,1,NA
"Rwinkwavu","Rubirizi",7109,0,"0",7,0,1,NA
"Rwinkwavu","Rubirizi",7110,45000,"150000",7,0,5,NA
"Rwinkwavu","Rubirizi",7111,150000,"30000",7,0,1,NA
"Rwinkwavu","Rubirizi",7112,1e+05,"0",7,0,5,NA
"Rwinkwavu","Rubirizi",7125,150000,"0",7,0,5,NA
