"village_id","province","district","sector","cell","village"
1001,"Eastern Province","RWAMAGANA","Gishali","Ruhimbi","Abakina"
1002,"Eastern Province","KAYONZA","Mukarange","Bwiza","Abemeye Amahoro"
1003,"Eastern Province","KAYONZA","Mukarange","Bwiza","Abisunganye"
1004,"Eastern Province","KAYONZA","Mwiri","Migera","Agahiza"
1005,"Eastern Province","RWAMAGANA","Gahengeri","Kanyangese","Agakari"
1006,"Eastern Province","KAYONZA","Nyamirama","Shyogo","Agasharu"
1007,"Eastern Province","RWAMAGANA","Rubona","Kabatasi","Agasharu"
1008,"Eastern Province","RWAMAGANA","Nzige","Murama","Agasharu"
1009,"Eastern Province","KAYONZA","Ruramira","Umubuga","Agasharu"
1010,"Eastern Province","RWAMAGANA","Gahengeri","Mutamwa","Agasharu"
1011,"Eastern Province","KAYONZA","Ruramira","Bugambira","Agasharu"
1012,"Eastern Province","KAYONZA","Kabarondo","Kabura","Agasharu"
1013,"Eastern Province","KAYONZA","Kabarondo","Cyinzovu","Agashikiri"
1014,"Eastern Province","RWAMAGANA","Musha","Nyabisindu","Agashuhe"
1015,"Eastern Province","KAYONZA","Ruramira","Bugambira","Agatare"
1016,"Eastern Province","RWAMAGANA","Muhazi","Karitutu","Agatare"
1017,"Eastern Province","RWAMAGANA","Rubona","Kabuye","Agatare"
1018,"Eastern Province","RWAMAGANA","Fumbwe","Nyamirama","Agatare"
1019,"Eastern Province","KAYONZA","Kabarondo","Kabura","Agatare"
1020,"Eastern Province","RWAMAGANA","Munyiginya","Cyimbazi","Agatare"
1021,"Eastern Province","RWAMAGANA","Gishali","Gati","Agatare"
1022,"Eastern Province","KAYONZA","Gahini","Urugarama","Akabahizi"
1023,"Eastern Province","RWAMAGANA","Musha","Akabare","Akabare"
1024,"Eastern Province","KAYONZA","Gahini","Kahi","Akabare"
1025,"Eastern Province","KAYONZA","Rukara","Rwimishinya","Akabare I"
1026,"Eastern Province","KAYONZA","Rukara","Rwimishinya","Akabare Ii"
1027,"Eastern Province","KAYONZA","Ruramira","Nkamba","Akabarima"
1028,"Eastern Province","RWAMAGANA","Muhazi","Nsinda","Akabeza"
1029,"Eastern Province","KAYONZA","Gahini","Urugarama","Akabeza"
1030,"Eastern Province","KAYONZA","Mukarange","Nyagatovu","Akabeza"
1031,"Eastern Province","RWAMAGANA","Fumbwe","Nyakagunga","Akabeza"
1032,"Eastern Province","KAYONZA","Mukarange","Kayonza","Akabuga"
1033,"Eastern Province","RWAMAGANA","Gahengeri","Kagezi","Akabuga"
1034,"Eastern Province","KAYONZA","Mukarange","Mburabuturo","Akabuga"
1035,"Eastern Province","RWAMAGANA","Gishali","Kavumu","Akabuga"
1036,"Eastern Province","RWAMAGANA","Munyiginya","Cyimbazi","Akabuye"
1037,"Eastern Province","RWAMAGANA","Munyiginya","Bwana","Akabuye"
1038,"Eastern Province","RWAMAGANA","Muhazi","Nyarusange","Akagarama"
1039,"Eastern Province","KAYONZA","Kabarondo","Kabura","Akagarama"
1040,"Eastern Province","RWAMAGANA","Fumbwe","Nyamirama","Akagarama"
1041,"Eastern Province","RWAMAGANA","Mwulire","Mwulire","Akagarama"
1042,"Eastern Province","KAYONZA","Rwinkwavu","Gihinga","Akajevuba"
1043,"Eastern Province","KAYONZA","Mukarange","Nyagatovu","Akamarara"
1044,"Eastern Province","RWAMAGANA","Gahengeri","Runyinya","Akamasasa"
1045,"Eastern Province","RWAMAGANA","Nyakaliro","Munini","Akamasatura"
1046,"Eastern Province","KAYONZA","Mukarange","Nyagatovu","Akamayange"
1047,"Eastern Province","KAYONZA","Murundi","Karambi","Akamina"
1048,"Eastern Province","KAYONZA","Gahini","Urugarama","Akamuyenzi"
1049,"Eastern Province","RWAMAGANA","Gishali","Bwinsanga","Akanogo"
1050,"Eastern Province","KAYONZA","Murundi","Ryamanyoni","Akanyerezo"
1051,"Eastern Province","KAYONZA","Mukarange","Nyagatovu","Akanyinya"
1052,"Eastern Province","RWAMAGANA","Nzige","Akanzu","Akanzige"
1053,"Eastern Province","RWAMAGANA","Nzige","Akanzu","Akanzu"
1054,"Eastern Province","KAYONZA","Ruramira","Nkamba","Akarambo"
1055,"Eastern Province","KAYONZA","Mukarange","Mburabuturo","Akarugangare"
1056,"Eastern Province","KAYONZA","Ruramira","Umubuga","Akarugina"
1057,"Eastern Province","RWAMAGANA","Muhazi","Nyarusange","Akatorero"
1058,"Eastern Province","KAYONZA","Rwinkwavu","Gihinga","Akayebe"
1059,"Eastern Province","KAYONZA","Gahini","Urugarama","Akimpara"
1060,"Eastern Province","KAYONZA","Kabarondo","Cyinzovu","Akinyenyeri"
1061,"Eastern Province","RWAMAGANA","Muyumbu","Akinyambo","Akubugingo"
1062,"Eastern Province","RWAMAGANA","Muhazi","Ntebe","Amagaju"
1063,"Eastern Province","RWAMAGANA","Rubona","Mabare","Amarimba"
1064,"Eastern Province","KAYONZA","Nyamirama","Rurambi","Amashinge"
1065,"Eastern Province","KAYONZA","Ruramira","Bugambira","Amashya"
1066,"Eastern Province","RWAMAGANA","Gahengeri","Rugarama","Amatafari"
1067,"Eastern Province","KAYONZA","Ruramira","Umubuga","Amazinga"
1068,"Eastern Province","KAYONZA","Mukarange","Bwiza","Amizero"
1069,"Eastern Province","RWAMAGANA","Munyiginya","Nyarubuye","Babasha"
1070,"Eastern Province","RWAMAGANA","Kigabiro","Sibagire","Bacyoro"
1071,"Eastern Province","RWAMAGANA","Munyiginya","Nkomangwa","Bakannyi"
1072,"Eastern Province","KAYONZA","Kabare","Rubimba","Bara"
1073,"Eastern Province","RWAMAGANA","Nzige","Rugarama","Bicaca"
1074,"Eastern Province","RWAMAGANA","Karenge","Bicaca","Bicaca Centre"
1075,"Eastern Province","RWAMAGANA","Mwulire","Bicumbi","Bicumbi"
1076,"Eastern Province","KAYONZA","Murama","Rusave","Bicumbi"
1077,"Eastern Province","RWAMAGANA","Rubona","Byinza","Bidudu"
1078,"Eastern Province","RWAMAGANA","Kigabiro","Cyanya","Bigabiro"
1079,"Eastern Province","RWAMAGANA","Rubona","Karambi","Bigaga"
1080,"Eastern Province","RWAMAGANA","Fumbwe","Nyamirama","Bigarama"
1081,"Eastern Province","RWAMAGANA","Nyakaliro","Bihembe","Bihembe"
1082,"Eastern Province","RWAMAGANA","Musha","Akabare","Binunga"
1083,"Eastern Province","RWAMAGANA","Kigabiro","Cyanya","Biraro"
1084,"Eastern Province","RWAMAGANA","Munyaga","Rweru","Birayi"
1085,"Eastern Province","RWAMAGANA","Muhazi","Kabare","Birembo"
1086,"Eastern Province","RWAMAGANA","Fumbwe","Sasabirago","Birembo"
1087,"Eastern Province","KAYONZA","Rwinkwavu","Mukoyoyo","Bishenyi"
1088,"Eastern Province","RWAMAGANA","Rubona","Mabare","Bitare"
1089,"Eastern Province","RWAMAGANA","Muyumbu","Murehe","Bitega"
1090,"Eastern Province","RWAMAGANA","Nzige","Rugarama","Bitega"
1091,"Eastern Province","KAYONZA","Kabarondo","Cyinzovu","Bitoma"
1092,"Eastern Province","RWAMAGANA","Musha","Nyakabanda","Bitsibo"
1093,"Eastern Province","KAYONZA","Murama","Murama","Bubindi"
1094,"Eastern Province","RWAMAGANA","Musha","Akabare","Budahigwa"
1095,"Eastern Province","KAYONZA","Murundi","Karambi","Bugarura"
1096,"Eastern Province","RWAMAGANA","Kigabiro","Sibagire","Bugugu"
1097,"Eastern Province","KAYONZA","Kabare","Rubimba","Buhabwa"
1098,"Eastern Province","KAYONZA","Murundi","Buhabwa","Buhabwa"
1099,"Eastern Province","KAYONZA","Mukarange","Kayonza","Buhonde"
1100,"Eastern Province","KAYONZA","Ruramira","Bugambira","Buhoro"
1101,"Eastern Province","KAYONZA","Rwinkwavu","Nkondo","Burigade"
1102,"Eastern Province","RWAMAGANA","Kigabiro","Cyanya","Busanza"
1103,"Eastern Province","RWAMAGANA","Musha","Nyabisindu","Busanza"
1104,"Eastern Province","KAYONZA","Ndego","Byimana","Busasamana"
1105,"Eastern Province","KAYONZA","Rwinkwavu","Mukoyoyo","Busasamana"
1106,"Eastern Province","KAYONZA","Murama","Nyakanazi","Busasamana"
1107,"Eastern Province","RWAMAGANA","Gishali","Binunga","Busharu"
1108,"Eastern Province","RWAMAGANA","Nyakaliro","Bihembe","Busimbuzi"
1109,"Eastern Province","KAYONZA","Kabarondo","Cyabajwa","Busindu"
1110,"Eastern Province","RWAMAGANA","Nyakaliro","Bihembe","Butare"
1111,"Eastern Province","KAYONZA","Rukara","Rukara","Butimba"
1112,"Eastern Province","KAYONZA","Rukara","Kawangire","Butimba I"
1113,"Eastern Province","KAYONZA","Rukara","Kawangire","Butimba Ii"
1114,"Eastern Province","KAYONZA","Kabarondo","Rusera","Butobagire"
1115,"Eastern Province","KAYONZA","Gahini","Urugarama","Buyanja"
1116,"Eastern Province","RWAMAGANA","Munyiginya","Nyarubuye","Buyanja"
1117,"Eastern Province","KAYONZA","Rukara","Rukara","Buyonza"
1118,"Eastern Province","KAYONZA","Kabare","Rubumba","Bwatampama"
1119,"Eastern Province","KAYONZA","Murama","Bunyentongo","Bweramvura"
1120,"Eastern Province","KAYONZA","Mukarange","Mburabuturo","Bwingeyo"
1121,"Eastern Province","KAYONZA","Murama","Rusave","Bwinyana"
1122,"Eastern Province","KAYONZA","Nyamirama","Rurambi","Bwiza"
1123,"Eastern Province","KAYONZA","Rwinkwavu","Mukoyoyo","Bwiza"
1124,"Eastern Province","RWAMAGANA","Karenge","Karenge","Bwiza"
1125,"Eastern Province","RWAMAGANA","Musha","Nyabisindu","Bwiza"
1126,"Eastern Province","RWAMAGANA","Mwulire","Bushenyi","Byange"
1127,"Eastern Province","RWAMAGANA","Gishali","Ruhimbi","Byimana"
1128,"Eastern Province","KAYONZA","Murama","Rusave","Byimana"
1129,"Eastern Province","RWAMAGANA","Fumbwe","Sasabirago","Byimana"
1130,"Eastern Province","RWAMAGANA","Muhazi","Kitazigurwa","Byimana"
1131,"Eastern Province","KAYONZA","Rwinkwavu","Nkondo","Byimana"
1132,"Eastern Province","RWAMAGANA","Karenge","Byimana","Byimana"
1133,"Eastern Province","RWAMAGANA","Karenge","Kangamba","Byimana"
1134,"Eastern Province","RWAMAGANA","Gahengeri","Rugarama","Byimana"
1135,"Eastern Province","RWAMAGANA","Rubona","Karambi","Byobo"
1136,"Eastern Province","KAYONZA","Kabarondo","Cyabajwa","Cyabajwa"
1137,"Eastern Province","KAYONZA","Ruramira","Nkamba","Cyabitana"
1138,"Eastern Province","RWAMAGANA","Nzige","Akanzu","Cyahafi"
1139,"Eastern Province","RWAMAGANA","Kigabiro","Cyanya","Cyahafi"
1140,"Eastern Province","KAYONZA","Murundi","Buhabwa","Cyamburara"
1141,"Eastern Province","RWAMAGANA","Rubona","Kabuye","Cyamuyango"
1142,"Eastern Province","KAYONZA","Murundi","Ryamanyoni","Cyandorimana"
1143,"Eastern Province","RWAMAGANA","Gahengeri","Gihumuza","Cyanga"
1144,"Eastern Province","RWAMAGANA","Karenge","Bicaca","Cyanyirampazi"
1145,"Eastern Province","RWAMAGANA","Karenge","Bicaca","Cyarugaju"
1146,"Eastern Province","RWAMAGANA","Nyakaliro","Rwimbogo","Cyaruhinda"
1147,"Eastern Province","RWAMAGANA","Kigabiro","Sovu","Cyaruhogo"
1148,"Eastern Province","RWAMAGANA","Fumbwe","Nyamirama","Cyarutabana"
1149,"Eastern Province","RWAMAGANA","Muhazi","Karitutu","Cyeru"
1150,"Eastern Province","KAYONZA","Mukarange","Kayonza","Cyeru"
1151,"Eastern Province","RWAMAGANA","Gahengeri","Runyinya","Cyeru"
1152,"Eastern Province","RWAMAGANA","Karenge","Nyamatete","Cyerwa"
1153,"Eastern Province","RWAMAGANA","Nzige","Akanzu","Cyerwa"
1154,"Eastern Province","RWAMAGANA","Mwulire","Ntunga","Cyimbazi"
1155,"Eastern Province","RWAMAGANA","Kigabiro","Sibagire","Cyimpima"
1156,"Eastern Province","RWAMAGANA","Munyaga","Zinga","Cyinganzwa"
1157,"Eastern Province","RWAMAGANA","Fumbwe","Mununu","Cyingara"
1158,"Eastern Province","KAYONZA","Kabarondo","Cyinzovu","Cyinzovu"
1159,"Eastern Province","RWAMAGANA","Rubona","Nawe","Cyiri"
1160,"Eastern Province","RWAMAGANA","Gishali","Ruhimbi","Cyiri"
1161,"Eastern Province","RWAMAGANA","Mwulire","Mwulire","Cyome"
1162,"Eastern Province","RWAMAGANA","Musha","Akabare","Duha"
1163,"Eastern Province","KAYONZA","Rwinkwavu","Mukoyoyo","Dusabane"
1164,"Eastern Province","KAYONZA","Kabare","Kirehe","Duterimbere"
1165,"Eastern Province","RWAMAGANA","Karenge","Nyabubare","Feri"
1166,"Eastern Province","KAYONZA","Rwinkwavu","Mbarara","Gacaca"
1167,"Eastern Province","RWAMAGANA","Gahengeri","Runyinya","Gacunshu"
1168,"Eastern Province","KAYONZA","Ndego","Isangano","Gafunzo"
1169,"Eastern Province","KAYONZA","Murundi","Karambi","Gafunzo"
1170,"Eastern Province","KAYONZA","Kabare","Kirehe","Gahama"
1171,"Eastern Province","RWAMAGANA","Muhazi","Karambi","Gahengeri"
1172,"Eastern Province","KAYONZA","Murama","Bunyentongo","Gahengeri"
1173,"Eastern Province","KAYONZA","Kabare","Gitara","Gahombya"
1174,"Eastern Province","RWAMAGANA","Muhazi","Nyarusange","Gahondo"
1175,"Eastern Province","RWAMAGANA","Kigabiro","Nyagasenyi","Gahonogo"
1176,"Eastern Province","KAYONZA","Rwinkwavu","Mbarara","Gahushyi"
1177,"Eastern Province","KAYONZA","Kabare","Rubumba","Gakenyeri"
1178,"Eastern Province","KAYONZA","Rukara","Kawangire","Gakenyeri"
1179,"Eastern Province","KAYONZA","Kabare","Rubumba","Gakoma"
1180,"Eastern Province","KAYONZA","Murundi","Buhabwa","Gakoma"
1181,"Eastern Province","RWAMAGANA","Muyumbu","Ntebe","Gakomeye"
1182,"Eastern Province","KAYONZA","Mukarange","Kayonza","Gakurazo"
1183,"Eastern Province","KAYONZA","Rwinkwavu","Nkondo","Gasabo"
1184,"Eastern Province","KAYONZA","Ndego","Kiyovu","Gasabo"
1185,"Eastern Province","KAYONZA","Mwiri","Nyamugari","Gasarabwayi"
1186,"Eastern Province","RWAMAGANA","Muyumbu","Ntebe","Gasave"
1187,"Eastern Province","RWAMAGANA","Rubona","Nawe","Gaseke"
1188,"Eastern Province","KAYONZA","Ndego","Karambi","Gasenyi"
1189,"Eastern Province","RWAMAGANA","Kigabiro","Sibagire","Gasharu"
1190,"Eastern Province","RWAMAGANA","Muhazi","Murambi","Gasharu"
1191,"Eastern Province","RWAMAGANA","Mwulire","Bicumbi","Gasharu"
1192,"Eastern Province","RWAMAGANA","Rubona","Mabare","Gasharu"
1193,"Eastern Province","KAYONZA","Nyamirama","Gikaya","Gasharu"
1194,"Eastern Province","RWAMAGANA","Muhazi","Kitazigurwa","Gasharu"
1195,"Eastern Province","RWAMAGANA","Musha","Akabare","Gashikiri"
1196,"Eastern Province","KAYONZA","Ndego","Isangano","Gashonga"
1197,"Eastern Province","KAYONZA","Kabarondo","Kabura","Gashonyi"
1198,"Eastern Province","KAYONZA","Nyamirama","Gikaya","Gasogi"
1199,"Eastern Province","KAYONZA","Mukarange","Kayonza","Gasogororo"
1200,"Eastern Province","KAYONZA","Nyamirama","Gikaya","Gasura"
1201,"Eastern Province","KAYONZA","Murama","Rusave","Gasutamo"
1202,"Eastern Province","KAYONZA","Mukarange","Nyagatovu","Gatagara"
1203,"Eastern Province","RWAMAGANA","Muyumbu","Bujyujyu","Gatare"
1204,"Eastern Province","RWAMAGANA","Gahengeri","Gihumuza","Gatare"
1205,"Eastern Province","RWAMAGANA","Munyaga","Rweru","Gatare"
1206,"Eastern Province","RWAMAGANA","Kigabiro","Sovu","Gatare"
1207,"Eastern Province","RWAMAGANA","Nyakaliro","Gatare","Gatare"
1208,"Eastern Province","KAYONZA","Mukarange","Kayonza","Gatebe"
1209,"Eastern Province","RWAMAGANA","Gahengeri","Kanyangese","Gatenderi"
1210,"Eastern Province","RWAMAGANA","Musha","Musha","Gatika"
1211,"Eastern Province","RWAMAGANA","Muhazi","Byeza","Gatobotobo"
1212,"Eastern Province","KAYONZA","Nyamirama","Shyogo","Gatoki"
1213,"Eastern Province","RWAMAGANA","Nzige","Murama","Gatoki"
1214,"Eastern Province","RWAMAGANA","Muyumbu","Nyarukombe","Gatuza"
1215,"Eastern Province","KAYONZA","Murama","Muko","Gihazo"
1216,"Eastern Province","KAYONZA","Mukarange","Mburabuturo","Gihima"
1217,"Eastern Province","RWAMAGANA","Fumbwe","Nyarubuye","Gihima"
1218,"Eastern Province","KAYONZA","Rwinkwavu","Gihinga","Gihinga"
1219,"Eastern Province","KAYONZA","Kabarondo","Cyinzovu","Gihuke"
1220,"Eastern Province","KAYONZA","Kabare","Kirehe","Gikombe"
1221,"Eastern Province","RWAMAGANA","Nzige","Akanzu","Gikoni"
1222,"Eastern Province","KAYONZA","Mukarange","Rugendabari","Gikumba"
1223,"Eastern Province","RWAMAGANA","Mwulire","Mwulire","Gisanza"
1224,"Eastern Province","KAYONZA","Ruramira","Ruyonza","Gisenga"
1225,"Eastern Province","KAYONZA","Gahini","Juru","Gisenga"
1226,"Eastern Province","RWAMAGANA","Nzige","Kigarama","Gisenyi"
1227,"Eastern Province","RWAMAGANA","Muyumbu","Ntebe","Gisenyi"
1228,"Eastern Province","RWAMAGANA","Muyumbu","Bujyujyu","Gishaka"
1229,"Eastern Province","RWAMAGANA","Munyaga","Kaduha","Gishike"
1230,"Eastern Province","RWAMAGANA","Nyakaliro","Gishore","Gishore"
1231,"Eastern Province","KAYONZA","Kabare","Rubumba","Gishyoza"
1232,"Eastern Province","KAYONZA","Kabarondo","Kabura","Gisoro"
1233,"Eastern Province","KAYONZA","Rwinkwavu","Nkondo","Gisozi"
1234,"Eastern Province","KAYONZA","Murama","Bunyentongo","Gisunzu"
1235,"Eastern Province","KAYONZA","Mwiri","Kageyo","Gisunzu"
1236,"Eastern Province","RWAMAGANA","Nzige","Akanzu","Gitanu"
1237,"Eastern Province","RWAMAGANA","Rubona","Kabatasi","Gitaraga"
1238,"Eastern Province","RWAMAGANA","Muyumbu","Nyarukombe","Gitaraga"
1239,"Eastern Province","KAYONZA","Rukara","Rukara","Gitarama"
1240,"Eastern Province","RWAMAGANA","Kigabiro","Bwiza","Gitega"
1241,"Eastern Province","KAYONZA","Ruramira","Nkamba","Gitega"
1242,"Eastern Province","KAYONZA","Rukara","Kawangire","Gitega"
1243,"Eastern Province","KAYONZA","Mwiri","Nyawera","Gitega"
1244,"Eastern Province","KAYONZA","Ruramira","Umubuga","Gitesannyi"
1245,"Eastern Province","KAYONZA","Ruramira","Ruyonza","Gitoki"
1246,"Eastern Province","RWAMAGANA","Muyumbu","Nyarukombe","Gituza"
1247,"Eastern Province","RWAMAGANA","Rubona","Byinza","Gitwa"
1248,"Eastern Province","KAYONZA","Ruramira","Ruyonza","Gitwa"
1249,"Eastern Province","RWAMAGANA","Fumbwe","Nyarubuye","Gitwe"
1250,"Eastern Province","KAYONZA","Rukara","Rukara","Ibiza"
1251,"Eastern Province","KAYONZA","Gahini","Urugarama","Ibiza"
1252,"Eastern Province","KAYONZA","Ndego","Karambi","Ihema"
1253,"Eastern Province","KAYONZA","Ndego","Kiyovu","Ihumure"
1254,"Eastern Province","RWAMAGANA","Gishali","Kavumu","Ingeyo"
1255,"Eastern Province","RWAMAGANA","Karenge","Kabasore","Ipide"
1256,"Eastern Province","KAYONZA","Mukarange","Nyagatovu","Iragwe"
1257,"Eastern Province","RWAMAGANA","Gahengeri","Kibare","Iramiro"
1258,"Eastern Province","KAYONZA","Ndego","Kiyovu","Iramiro"
1259,"Eastern Province","KAYONZA","Mukarange","Nyagatovu","Irebero"
1260,"Eastern Province","RWAMAGANA","Munyiginya","Binunga","Irebero"
1261,"Eastern Province","KAYONZA","Ndego","Byimana","Irebero"
1262,"Eastern Province","RWAMAGANA","Fumbwe","Sasabirago","Irukwaya"
1263,"Eastern Province","RWAMAGANA","Munyiginya","Binunga","Isangano"
1264,"Eastern Province","RWAMAGANA","Fumbwe","Mununu","Janjagiro"
1265,"Eastern Province","KAYONZA","Gahini","Juru","Juru"
1266,"Eastern Province","RWAMAGANA","Munyaga","Kaduha","Kababero"
1267,"Eastern Province","RWAMAGANA","Mwulire","Ntunga","Kabacuzi"
1268,"Eastern Province","RWAMAGANA","Muyumbu","Ntebe","Kabagabo"
1269,"Eastern Province","RWAMAGANA","Mwulire","Bushenyi","Kabahima"
1270,"Eastern Province","KAYONZA","Murundi","Karambi","Kabana"
1271,"Eastern Province","RWAMAGANA","Munyaga","Kaduha","Kabare"
1272,"Eastern Province","KAYONZA","Kabarondo","Cyabajwa","Kabarondo"
1273,"Eastern Province","RWAMAGANA","Gahengeri","Runyinya","Kabarore"
1274,"Eastern Province","KAYONZA","Kabare","Rubimba","Kabarungu"
1275,"Eastern Province","RWAMAGANA","Karenge","Kabasore","Kabasore"
1276,"Eastern Province","KAYONZA","Kabare","Kirehe","Kabatinya"
1277,"Eastern Province","RWAMAGANA","Rubona","Byinza","Kabayange I"
1278,"Eastern Province","RWAMAGANA","Rubona","Byinza","Kabayange Ii"
1279,"Eastern Province","RWAMAGANA","Munyaga","Zinga","Kabazeyi"
1280,"Eastern Province","RWAMAGANA","Munyiginya","Cyarukamba","Kabenda"
1281,"Eastern Province","RWAMAGANA","Nyakaliro","Bihembe","Kabere"
1282,"Eastern Province","RWAMAGANA","Kigabiro","Cyanya","Kabeza"
1283,"Eastern Province","KAYONZA","Murama","Bunyentongo","Kabeza"
1284,"Eastern Province","KAYONZA","Kabarondo","Kabura","Kabeza"
1285,"Eastern Province","RWAMAGANA","Karenge","Bicaca","Kabeza"
1286,"Eastern Province","RWAMAGANA","Munyiginya","Nyarubuye","Kabeza"
1287,"Eastern Province","KAYONZA","Nyamirama","Rurambi","Kabeza"
1288,"Eastern Province","KAYONZA","Ndego","Byimana","Kabeza"
1289,"Eastern Province","RWAMAGANA","Munyiginya","Binunga","Kabeza"
1290,"Eastern Province","RWAMAGANA","Muhazi","Byeza","Kabeza"
1291,"Eastern Province","RWAMAGANA","Gahengeri","Gihumuza","Kabeza"
1292,"Eastern Province","RWAMAGANA","Muyumbu","Bujyujyu","Kabeza"
1293,"Eastern Province","RWAMAGANA","Nzige","Murama","Kabeza"
1294,"Eastern Province","KAYONZA","Kabare","Rubimba","Kabeza"
1295,"Eastern Province","KAYONZA","Kabare","Cyarubare","Kabeza"
1296,"Eastern Province","KAYONZA","Ruramira","Ruyonza","Kabeza"
1297,"Eastern Province","RWAMAGANA","Fumbwe","Mununu","Kabeza"
1298,"Eastern Province","KAYONZA","Mwiri","Nyamugari","Kabeza"
1299,"Eastern Province","RWAMAGANA","Gahengeri","Rweri","Kabigondo"
1300,"Eastern Province","KAYONZA","Murundi","Ryamanyoni","Kabingo"
1301,"Eastern Province","RWAMAGANA","Munyaga","Rweru","Kabingo"
1302,"Eastern Province","RWAMAGANA","Muhazi","Kitazigurwa","Kabirizi"
1303,"Eastern Province","RWAMAGANA","Fumbwe","Nyarubuye","Kabirizi"
1304,"Eastern Province","RWAMAGANA","Gahengeri","Kagezi","Kabonero"
1305,"Eastern Province","RWAMAGANA","Fumbwe","Mununu","Kabuga"
1306,"Eastern Province","RWAMAGANA","Kigabiro","Sibagire","Kabuga"
1307,"Eastern Province","KAYONZA","Rukara","Rukara","Kabuga"
1308,"Eastern Province","KAYONZA","Murundi","Karambi","Kabuga"
1309,"Eastern Province","KAYONZA","Kabare","Kirehe","Kabuhome"
1310,"Eastern Province","KAYONZA","Ruramira","Umubuga","Kabukara"
1311,"Eastern Province","KAYONZA","Mwiri","Nyamugari","Kabukeye"
1312,"Eastern Province","KAYONZA","Mukarange","Kayonza","Kabungo"
1313,"Eastern Province","RWAMAGANA","Muhazi","Murambi","Kabusunzu"
1314,"Eastern Province","KAYONZA","Ndego","Isangano","Kabusunzu"
1315,"Eastern Province","KAYONZA","Nyamirama","Rurambi","Kabuya I"
1316,"Eastern Province","KAYONZA","Nyamirama","Rurambi","Kabuya Ii"
1317,"Eastern Province","RWAMAGANA","Rubona","Kabatasi","Kabuye"
1318,"Eastern Province","KAYONZA","Nyamirama","Gikaya","Kabuye"
1319,"Eastern Province","KAYONZA","Gahini","Kiyenzi","Kabuye"
1320,"Eastern Province","KAYONZA","Ruramira","Umubuga","Kabuye"
1321,"Eastern Province","KAYONZA","Kabarondo","Kabura","Kabuye"
1322,"Eastern Province","RWAMAGANA","Munyaga","Nkungu","Kabuye"
1323,"Eastern Province","KAYONZA","Nyamirama","Rurambi","Kabuye"
1324,"Eastern Province","RWAMAGANA","Kigabiro","Cyanya","Kabuye"
1325,"Eastern Province","RWAMAGANA","Gahengeri","Kibare","Kabuye"
1326,"Eastern Province","RWAMAGANA","Munyiginya","Nkomangwa","Kabuye"
1327,"Eastern Province","KAYONZA","Ruramira","Ruyonza","Kacyiru"
1328,"Eastern Province","KAYONZA","Nyamirama","Shyogo","Kacyiru"
1329,"Eastern Province","KAYONZA","Kabare","Cyarubare","Kacyiru"
1330,"Eastern Province","RWAMAGANA","Musha","Musha","Kadasumbwa"
1331,"Eastern Province","RWAMAGANA","Mwulire","Ntunga","Kadasumbwa"
1332,"Eastern Province","KAYONZA","Murama","Bunyentongo","Kagarama"
1333,"Eastern Province","RWAMAGANA","Nyakaliro","Gishore","Kagarama"
1334,"Eastern Province","RWAMAGANA","Musha","Kagarama","Kagarama"
1335,"Eastern Province","RWAMAGANA","Munyiginya","Cyarukamba","Kagarama"
1336,"Eastern Province","KAYONZA","Ndego","Karambi","Kagasa"
1337,"Eastern Province","RWAMAGANA","Kigabiro","Bwiza","Kagererao"
1338,"Eastern Province","KAYONZA","Ndego","Isangano","Kagese"
1339,"Eastern Province","RWAMAGANA","Karenge","Kangamba","Kagese"
1340,"Eastern Province","KAYONZA","Ndego","Isangano","Kagoma"
1341,"Eastern Province","RWAMAGANA","Muyumbu","Bujyujyu","Kagona"
1342,"Eastern Province","KAYONZA","Kabare","Gitara","Kagumiro"
1343,"Eastern Province","KAYONZA","Ruramira","Umubuga","Kajembe"
1344,"Eastern Province","RWAMAGANA","Nzige","Kigarama","Kajevuba"
1345,"Eastern Province","RWAMAGANA","Muyumbu","Ntebe","Kajevuba"
1346,"Eastern Province","KAYONZA","Murama","Murama","Kajevuba"
1347,"Eastern Province","RWAMAGANA","Karenge","Bicaca","Kajevuba"
1348,"Eastern Province","KAYONZA","Kabare","Gitara","Kajevuba"
1349,"Eastern Province","RWAMAGANA","Gahengeri","Gihumuza","Kajevuba"
1350,"Eastern Province","RWAMAGANA","Muyumbu","Murehe","Kajororo"
1351,"Eastern Province","KAYONZA","Ndego","Karambi","Kamabuye"
1352,"Eastern Province","RWAMAGANA","Nzige","Kigarama","Kamabuye"
1353,"Eastern Province","KAYONZA","Ndego","Isangano","Kamahoro"
1354,"Eastern Province","KAYONZA","Rukara","Rukara","Kamajigija"
1355,"Eastern Province","RWAMAGANA","Nzige","Murama","Kamakuka"
1356,"Eastern Province","RWAMAGANA","Munyaga","Kaduha","Kamamana"
1357,"Eastern Province","RWAMAGANA","Kigabiro","Sibagire","Kamanga"
1358,"Eastern Province","RWAMAGANA","Nyakaliro","Rwimbogo","Kamashaza"
1359,"Eastern Province","RWAMAGANA","Kigabiro","Cyanya","Kamata"
1360,"Eastern Province","KAYONZA","Nyamirama","Gikaya","Kamonyi"
1361,"Eastern Province","RWAMAGANA","Muyumbu","Akinyambo","Kampigika"
1362,"Eastern Province","KAYONZA","Gahini","Juru","Kamudongo"
1363,"Eastern Province","RWAMAGANA","Gahengeri","Mutamwa","Kamugasa"
1364,"Eastern Province","KAYONZA","Kabare","Rubimba","Kamuhabura"
1365,"Eastern Province","KAYONZA","Ruramira","Umubuga","Kamukire"
1366,"Eastern Province","RWAMAGANA","Gahengeri","Rweri","Kamurindi"
1367,"Eastern Province","KAYONZA","Murundi","Ryamanyoni","Kaneke"
1368,"Eastern Province","RWAMAGANA","Munyaga","Kaduha","Kangabo"
1369,"Eastern Province","RWAMAGANA","Karenge","Kangamba","Kangamba"
1370,"Eastern Province","RWAMAGANA","Mwulire","Bushenyi","Kangaruye"
1371,"Eastern Province","RWAMAGANA","Gahengeri","Kibare","Kanserege"
1372,"Eastern Province","KAYONZA","Mukarange","Rugendabari","Kanyamasha"
1373,"Eastern Province","RWAMAGANA","Karenge","Nyabubare","Kanyangese"
1374,"Eastern Province","RWAMAGANA","Nyakaliro","Bihembe","Kanyangese"
1375,"Eastern Province","KAYONZA","Kabarondo","Kabura","Kanyegenyege"
1376,"Eastern Province","KAYONZA","Murundi","Ryamanyoni","Kanyegera"
1377,"Eastern Province","RWAMAGANA","Munyaga","Rweru","Kanyegera"
1378,"Eastern Province","KAYONZA","Kabare","Cyarubare","Kanyetonga"
1379,"Eastern Province","RWAMAGANA","Muyumbu","Ntebe","Kanyinya"
1380,"Eastern Province","KAYONZA","Ndego","Isangano","Kanyinya"
1381,"Eastern Province","KAYONZA","Kabare","Kirehe","Kanyirabuki"
1382,"Eastern Province","RWAMAGANA","Muhazi","Nyarusange","Kanywiriri"
1383,"Eastern Province","KAYONZA","Rukara","Rwimishinya","Karagari I"
1384,"Eastern Province","KAYONZA","Rukara","Rwimishinya","Karagari Ii"
1385,"Eastern Province","RWAMAGANA","Muyumbu","Bujyujyu","Karama"
1386,"Eastern Province","RWAMAGANA","Mwulire","Bicumbi","Karama"
1387,"Eastern Province","KAYONZA","Rukara","Kawangire","Karama"
1388,"Eastern Province","KAYONZA","Nyamirama","Musumba","Karama"
1389,"Eastern Province","KAYONZA","Murama","Muko","Karama"
1390,"Eastern Province","KAYONZA","Mukarange","Bwiza","Karambarara"
1391,"Eastern Province","KAYONZA","Nyamirama","Gikaya","Karambi"
1392,"Eastern Province","RWAMAGANA","Rubona","Karambi","Karambi"
1393,"Eastern Province","KAYONZA","Murundi","Karambi","Karambi"
1394,"Eastern Province","RWAMAGANA","Muhazi","Karitutu","Karambo"
1395,"Eastern Province","RWAMAGANA","Musha","Budahanda","Karambo"
1396,"Eastern Province","RWAMAGANA","Gahengeri","Runyinya","Karambo"
1397,"Eastern Province","RWAMAGANA","Munyaga","Zinga","Karambo"
1398,"Eastern Province","RWAMAGANA","Fumbwe","Sasabirago","Karambo"
1399,"Eastern Province","RWAMAGANA","Karenge","Byimana","Karambo"
1400,"Eastern Province","KAYONZA","Mukarange","Rugendabari","Karambo I"
1401,"Eastern Province","KAYONZA","Rukara","Rukara","Karambo I"
1402,"Eastern Province","KAYONZA","Rukara","Rukara","Karambo Ii"
1403,"Eastern Province","KAYONZA","Mukarange","Rugendabari","Karambo Ii"
1404,"Eastern Province","RWAMAGANA","Karenge","Karenge","Karenge"
1405,"Eastern Province","RWAMAGANA","Musha","Musha","Karifuru"
1406,"Eastern Province","RWAMAGANA","Nyakaliro","Gatare","Karogo"
1407,"Eastern Province","KAYONZA","Rukara","Rukara","Karubamba"
1408,"Eastern Province","RWAMAGANA","Munyiginya","Nkomangwa","Karubisha"
1409,"Eastern Province","KAYONZA","Rwinkwavu","Gihinga","Karuhambo"
1410,"Eastern Province","RWAMAGANA","Kigabiro","Cyanya","Karuhayi"
1411,"Eastern Province","RWAMAGANA","Nzige","Kigarama","Karukannyi"
1412,"Eastern Province","RWAMAGANA","Kigabiro","Cyanya","Karutimbo"
1413,"Eastern Province","RWAMAGANA","Gahengeri","Kibare","Karutimbo"
1414,"Eastern Province","RWAMAGANA","Karenge","Bicaca","Karuyenzi"
1415,"Eastern Province","RWAMAGANA","Mwulire","Ntunga","Karuzingura"
1416,"Eastern Province","RWAMAGANA","Muhazi","Kitazigurwa","Karwiru"
1417,"Eastern Province","RWAMAGANA","Nyakaliro","Rwimbogo","Kasemanyana"
1418,"Eastern Province","RWAMAGANA","Kigabiro","Nyagasenyi","Kavura"
1419,"Eastern Province","RWAMAGANA","Muhazi","Nyarusange","Kavura"
1420,"Eastern Province","RWAMAGANA","Kigabiro","Nyagasenyi","Kayenzi"
1421,"Eastern Province","RWAMAGANA","Muhazi","Karambi","Kayenzi"
1422,"Eastern Province","RWAMAGANA","Nzige","Rugarama","Kayibanda"
1423,"Eastern Province","RWAMAGANA","Muyumbu","Murehe","Kayigi"
1424,"Eastern Province","KAYONZA","Murundi","Murundi","Kayongo"
1425,"Eastern Province","KAYONZA","Mukarange","Kayonza","Kayonza Centre"
1426,"Eastern Province","KAYONZA","Rwinkwavu","Mukoyoyo","Kazeneza"
1427,"Eastern Province","KAYONZA","Kabare","Gitara","Kazeneza"
1428,"Eastern Province","RWAMAGANA","Rubona","Kabatasi","Kibabara"
1429,"Eastern Province","RWAMAGANA","Nzige","Murama","Kibabara"
1430,"Eastern Province","KAYONZA","Ndego","Isangano","Kibare"
1431,"Eastern Province","RWAMAGANA","Muhazi","Nsinda","Kibare"
1432,"Eastern Province","KAYONZA","Murundi","Murundi","Kibari"
1433,"Eastern Province","RWAMAGANA","Fumbwe","Nyakagunga","Kibaza"
1434,"Eastern Province","KAYONZA","Kabare","Rubumba","Kibimba"
1435,"Eastern Province","KAYONZA","Kabare","Cyarubare","Kibimba"
1436,"Eastern Province","RWAMAGANA","Rubona","Kabatasi","Kiboha"
1437,"Eastern Province","RWAMAGANA","Gishali","Kavumu","Kibonde"
1438,"Eastern Province","KAYONZA","Kabare","Cyarubare","Kiburara"
1439,"Eastern Province","KAYONZA","Kabare","Rubumba","Kibuye"
1440,"Eastern Province","KAYONZA","Rukara","Kawangire","Kidogo"
1441,"Eastern Province","RWAMAGANA","Muhazi","Nyarusange","Kidogo"
1442,"Eastern Province","RWAMAGANA","Munyaga","Kaduha","Kigabiro"
1443,"Eastern Province","RWAMAGANA","Mwulire","Mwulire","Kigabiro"
1444,"Eastern Province","KAYONZA","Mwiri","Nyamugari","Kigarama"
1445,"Eastern Province","RWAMAGANA","Kigabiro","Nyagasenyi","Kigega"
1446,"Eastern Province","RWAMAGANA","Nyakaliro","Gatare","Kigina"
1447,"Eastern Province","KAYONZA","Rukara","Rwimishinya","Kigwene I"
1448,"Eastern Province","KAYONZA","Rukara","Rwimishinya","Kigwene Ii"
1449,"Eastern Province","KAYONZA","Gahini","Juru","Kimana"
1450,"Eastern Province","RWAMAGANA","Munyiginya","Nyarubuye","Kimara"
1451,"Eastern Province","RWAMAGANA","Karenge","Kangamba","Kimarambasa"
1452,"Eastern Province","RWAMAGANA","Nyakaliro","Rwimbogo","Kimicanga"
1453,"Eastern Province","KAYONZA","Rwinkwavu","Mbarara","Kingogo"
1454,"Eastern Province","RWAMAGANA","Muhazi","Karitutu","Kingondo"
1455,"Eastern Province","KAYONZA","Rwinkwavu","Nkondo","Kinihira"
1456,"Eastern Province","KAYONZA","Nyamirama","Gikaya","Kinkoronko"
1457,"Eastern Province","RWAMAGANA","Gahengeri","Rweri","Kinteko"
1458,"Eastern Province","RWAMAGANA","Muhazi","Karambi","Kinunga"
1459,"Eastern Province","KAYONZA","Mukarange","Mburabuturo","Kinunga"
1460,"Eastern Province","RWAMAGANA","Muyumbu","Nyarukombe","Kinunga"
1461,"Eastern Province","KAYONZA","Rukara","Kawangire","Kinunga"
1462,"Eastern Province","KAYONZA","Rukara","Rwimishinya","Kinunga I"
1463,"Eastern Province","KAYONZA","Rukara","Rukara","Kinunga I"
1464,"Eastern Province","KAYONZA","Rukara","Rwimishinya","Kinunga Ii"
1465,"Eastern Province","KAYONZA","Rukara","Rukara","Kinunga Ii"
1466,"Eastern Province","KAYONZA","Murundi","Murundi","Kinyana"
1467,"Eastern Province","KAYONZA","Mukarange","Bwiza","Kinyemera"
1468,"Eastern Province","KAYONZA","Murama","Rusave","Kinyinya"
1469,"Eastern Province","KAYONZA","Gahini","Kiyenzi","Kinyinya"
1470,"Eastern Province","RWAMAGANA","Gahengeri","Kibare","Kinyovi"
1471,"Eastern Province","RWAMAGANA","Fumbwe","Nyakagunga","Kirehe"
1472,"Eastern Province","RWAMAGANA","Kigabiro","Nyagasenyi","Kirehe"
1473,"Eastern Province","RWAMAGANA","Kigabiro","Sovu","Kiruhura"
1474,"Eastern Province","RWAMAGANA","Musha","Kagarama","Kiruhura"
1475,"Eastern Province","RWAMAGANA","Munyiginya","Bwana","Kiruhura"
1476,"Eastern Province","RWAMAGANA","Gahengeri","Rweri","Kiruruma"
1477,"Eastern Province","RWAMAGANA","Munyaga","Nkungu","Kiryango"
1478,"Eastern Province","KAYONZA","Mukarange","Kayonza","Kivugiza"
1479,"Eastern Province","RWAMAGANA","Fumbwe","Nyarubuye","Kivugiza"
1480,"Eastern Province","KAYONZA","Nyamirama","Gikaya","Kiyanja"
1481,"Eastern Province","RWAMAGANA","Karenge","Byimana","Kiyaya"
1482,"Eastern Province","KAYONZA","Gahini","Kiyenzi","Kiyenzi"
1483,"Eastern Province","KAYONZA","Mwiri","Kageyo","Kiyonza"
1484,"Eastern Province","RWAMAGANA","Nzige","Akanzu","Kiyovu"
1485,"Eastern Province","RWAMAGANA","Gahengeri","Runyinya","Kiyovu"
1486,"Eastern Province","KAYONZA","Nyamirama","Musumba","Kiyovu"
1487,"Eastern Province","KAYONZA","Murundi","Karambi","Kiyovu"
1488,"Eastern Province","RWAMAGANA","Munyiginya","Nyarubuye","Kiyovu"
1489,"Eastern Province","RWAMAGANA","Mwulire","Ntunga","Kiyovu"
1490,"Eastern Province","KAYONZA","Rwinkwavu","Mukoyoyo","Kiyovu"
1491,"Eastern Province","KAYONZA","Ndego","Karambi","Kumunini"
1492,"Eastern Province","KAYONZA","Ndego","Byimana","Kururembo"
1493,"Eastern Province","KAYONZA","Gahini","Juru","Kwisoko"
1494,"Eastern Province","KAYONZA","Murundi","Murundi","Macuba"
1495,"Eastern Province","KAYONZA","Rwinkwavu","Mukoyoyo","Mahumbezi"
1496,"Eastern Province","KAYONZA","Kabare","Cyarubare","Mahumbezi"
1497,"Eastern Province","RWAMAGANA","Fumbwe","Nyamirama","Makwandi"
1498,"Eastern Province","RWAMAGANA","Mwulire","Bicumbi","Manene"
1499,"Eastern Province","RWAMAGANA","Muyumbu","Nyarukombe","Marembo"
1500,"Eastern Province","RWAMAGANA","Gahengeri","Rweri","Mataba"
1501,"Eastern Province","RWAMAGANA","Gahengeri","Rugarama","Mataba"
1502,"Eastern Province","RWAMAGANA","Munyaga","Nkungu","Mataba"
1503,"Eastern Province","RWAMAGANA","Fumbwe","Nyagasambu","Mataba"
1504,"Eastern Province","RWAMAGANA","Rubona","Karambi","Mataba"
1505,"Eastern Province","KAYONZA","Kabare","Kirehe","Matahiro"
1506,"Eastern Province","KAYONZA","Rwinkwavu","Nkondo","Matinza"
1507,"Eastern Province","RWAMAGANA","Nyakaliro","Gishore","Matyazo"
1508,"Eastern Province","RWAMAGANA","Munyiginya","Nyarubuye","Mazinga"
1509,"Eastern Province","KAYONZA","Rwinkwavu","Mbarara","Mbarara I"
1510,"Eastern Province","KAYONZA","Rwinkwavu","Mbarara","Mbarara Ii"
1511,"Eastern Province","KAYONZA","Mukarange","Mburabuturo","Mburabuturo"
1512,"Eastern Province","RWAMAGANA","Rubona","Kabatasi","Midahandwa"
1513,"Eastern Province","RWAMAGANA","Karenge","Kabasore","Migamba"
1514,"Eastern Province","KAYONZA","Rwinkwavu","Gihinga","Migera"
1515,"Eastern Province","KAYONZA","Gahini","Juru","Mikinga"
1516,"Eastern Province","RWAMAGANA","Nzige","Kigarama","Mikoni"
1517,"Eastern Province","KAYONZA","Rukara","Rwimishinya","Mirambi I"
1518,"Eastern Province","KAYONZA","Rukara","Rwimishinya","Mirambi Ii"
1519,"Eastern Province","KAYONZA","Rukara","Rwimishinya","Mirambi Iii"
1520,"Eastern Province","RWAMAGANA","Rubona","Kabatasi","Mitari"
1521,"Eastern Province","KAYONZA","Rukara","Rukara","Mitungo"
1522,"Eastern Province","KAYONZA","Gahini","Juru","Miyaga"
1523,"Eastern Province","KAYONZA","Murundi","Buhabwa","Miyaga"
1524,"Eastern Province","RWAMAGANA","Kigabiro","Sibagire","Miyange"
1525,"Eastern Province","KAYONZA","Mukarange","Kayonza","Miyange"
1526,"Eastern Province","RWAMAGANA","Muyumbu","Murehe","Miyove"
1527,"Eastern Province","KAYONZA","Murama","Bunyentongo","Mpilindi"
1528,"Eastern Province","RWAMAGANA","Mwulire","Mwulire","Mpinga"
1529,"Eastern Province","RWAMAGANA","Muhazi","Nyarusange","Mpinga"
1530,"Eastern Province","RWAMAGANA","Gishali","Ruhunda","Mpungwe"
1531,"Eastern Province","RWAMAGANA","Munyaga","Rweru","Mubuga"
1532,"Eastern Province","KAYONZA","Kabare","Gitara","Mubuga"
1533,"Eastern Province","RWAMAGANA","Nzige","Kigarama","Mubuga"
1534,"Eastern Province","RWAMAGANA","Nyakaliro","Bihembe","Mubumbwe"
1535,"Eastern Province","KAYONZA","Murundi","Buhabwa","Mucucu"
1536,"Eastern Province","KAYONZA","Rwinkwavu","Nkondo","Muganza"
1537,"Eastern Province","RWAMAGANA","Muyumbu","Nyarukombe","Mugogo"
1538,"Eastern Province","RWAMAGANA","Gishali","Bwinsanga","Mugusha"
1539,"Eastern Province","RWAMAGANA","Musha","Kagarama","Muhogoto"
1540,"Eastern Province","KAYONZA","Mwiri","Nyawera","Muhozi"
1541,"Eastern Province","RWAMAGANA","Rubona","Byinza","Mumahoro"
1542,"Eastern Province","RWAMAGANA","Muyumbu","Nyarukombe","Mumena"
1543,"Eastern Province","KAYONZA","Rukara","Rukara","Mumuri"
1544,"Eastern Province","KAYONZA","Mukarange","Kayonza","Munazi"
1545,"Eastern Province","RWAMAGANA","Nyakaliro","Munini","Munini"
1546,"Eastern Province","RWAMAGANA","Rubona","Byinza","Munini"
1547,"Eastern Province","RWAMAGANA","Kigabiro","Bwiza","Munini"
1548,"Eastern Province","RWAMAGANA","Fumbwe","Sasabirago","Munini"
1549,"Eastern Province","KAYONZA","Kabarondo","Cyinzovu","Munini"
1550,"Eastern Province","RWAMAGANA","Mwulire","Mwulire","Munini I"
1551,"Eastern Province","RWAMAGANA","Mwulire","Mwulire","Munini Ii"
1552,"Eastern Province","KAYONZA","Rukara","Rukara","Munyinya"
1553,"Eastern Province","KAYONZA","Murama","Murama","Murama"
1554,"Eastern Province","RWAMAGANA","Fumbwe","Nyarubuye","Murambi"
1555,"Eastern Province","KAYONZA","Ruramira","Bugambira","Murambi"
1556,"Eastern Province","KAYONZA","Kabarondo","Kabura","Murambi"
1557,"Eastern Province","KAYONZA","Ndego","Karambi","Murambi"
1558,"Eastern Province","KAYONZA","Mwiri","Nyawera","Murehe"
1559,"Eastern Province","RWAMAGANA","Muyumbu","Murehe","Murehe"
1560,"Eastern Province","KAYONZA","Kabarondo","Cyabajwa","Murenge"
1561,"Eastern Province","KAYONZA","Mwiri","Migera","Murori"
1562,"Eastern Province","KAYONZA","Murundi","Buhabwa","Murundi"
1563,"Eastern Province","KAYONZA","Nyamirama","Musumba","Musenyi"
1564,"Eastern Province","KAYONZA","Ndego","Karambi","Musenyi"
1565,"Eastern Province","KAYONZA","Gahini","Juru","Musimbi"
1566,"Eastern Province","RWAMAGANA","Karenge","Nyamatete","Mutabo"
1567,"Eastern Province","KAYONZA","Rwinkwavu","Mbarara","Mutembo"
1568,"Eastern Province","KAYONZA","Rwinkwavu","Mukoyoyo","Mutembo"
1569,"Eastern Province","KAYONZA","Rukara","Rukara","Muzizi"
1570,"Eastern Province","KAYONZA","Mwiri","Migera","Mwiri"
1571,"Eastern Province","KAYONZA","Ndego","Kiyovu","Mwurire"
1572,"Eastern Province","KAYONZA","Gahini","Urugarama","Myatano"
1573,"Eastern Province","KAYONZA","Mwiri","Kageyo","Ndago"
1574,"Eastern Province","RWAMAGANA","Munyiginya","Cyarukamba","Ndago"
1575,"Eastern Province","RWAMAGANA","Karenge","Nyamatete","Ndengo"
1576,"Eastern Province","RWAMAGANA","Fumbwe","Mununu","Ndinda"
1577,"Eastern Province","RWAMAGANA","Nzige","Murama","Ndinda"
1578,"Eastern Province","RWAMAGANA","Nyakaliro","Rwimbogo","Nduba"
1579,"Eastern Province","RWAMAGANA","Nyakaliro","Rwimbogo","Nduhuye"
1580,"Eastern Province","KAYONZA","Murundi","Ryamanyoni","Ngarama"
1581,"Eastern Province","RWAMAGANA","Nyakaliro","Bihembe","Ngarama"
1582,"Eastern Province","KAYONZA","Murama","Muko","Ngoma"
1583,"Eastern Province","KAYONZA","Murundi","Karambi","Ngumeri I"
1584,"Eastern Province","KAYONZA","Murundi","Karambi","Ngumeri Ii"
1585,"Eastern Province","RWAMAGANA","Munyiginya","Nyarubuye","Nkindi"
1586,"Eastern Province","RWAMAGANA","Mwulire","Ntunga","Nkira"
1587,"Eastern Province","KAYONZA","Rwinkwavu","Nkondo","Nkondo I"
1588,"Eastern Province","KAYONZA","Rwinkwavu","Nkondo","Nkondo Ii"
1589,"Eastern Province","RWAMAGANA","Karenge","Kangamba","Nkongi"
1590,"Eastern Province","KAYONZA","Kabarondo","Cyabajwa","Nkuba I"
1591,"Eastern Province","KAYONZA","Kabarondo","Cyabajwa","Nkuba Ii"
1592,"Eastern Province","RWAMAGANA","Karenge","Karenge","Ntebe"
1593,"Eastern Province","KAYONZA","Nyamirama","Rurambi","Ntintyi"
1594,"Eastern Province","RWAMAGANA","Mwulire","Ntunga","Ntunga"
1595,"Eastern Province","RWAMAGANA","Munyiginya","Cyimbazi","Ntunga"
1596,"Eastern Province","RWAMAGANA","Fumbwe","Nyamirama","Ntungamo"
1597,"Eastern Province","KAYONZA","Kabare","Rubumba","Ntungamo"
1598,"Eastern Province","RWAMAGANA","Gahengeri","Mutamwa","Nyabagaza"
1599,"Eastern Province","KAYONZA","Rwinkwavu","Nkondo","Nyabihare"
1600,"Eastern Province","KAYONZA","Kabarondo","Kabura","Nyabikenke I"
1601,"Eastern Province","KAYONZA","Kabarondo","Kabura","Nyabikenke Ii"
1602,"Eastern Province","KAYONZA","Rwinkwavu","Gihinga","Nyabimuri"
1603,"Eastern Province","KAYONZA","Kabarondo","Cyinzovu","Nyabisenga"
1604,"Eastern Province","RWAMAGANA","Kigabiro","Sovu","Nyabishunzi"
1605,"Eastern Province","KAYONZA","Nyamirama","Musumba","Nyabisindu"
1606,"Eastern Province","RWAMAGANA","Musha","Nyabisindu","Nyabisindu"
1607,"Eastern Province","KAYONZA","Kabare","Kirehe","Nyabiyenzi"
1608,"Eastern Province","KAYONZA","Gahini","Juru","Nyabombe"
1609,"Eastern Province","RWAMAGANA","Karenge","Nyabubare","Nyabubare"
1610,"Eastern Province","KAYONZA","Murundi","Ryamanyoni","Nyabugando"
1611,"Eastern Province","KAYONZA","Gahini","Juru","Nyabugogo"
1612,"Eastern Province","KAYONZA","Kabare","Rubumba","Nyabugogo"
1613,"Eastern Province","RWAMAGANA","Nzige","Rugarama","Nyabugogo"
1614,"Eastern Province","KAYONZA","Nyamirama","Shyogo","Nyacyonga"
1615,"Eastern Province","RWAMAGANA","Gishali","Cyinyana","Nyagacyamo"
1616,"Eastern Province","RWAMAGANA","Musha","Kagarama","Nyagacyamo"
1617,"Eastern Province","KAYONZA","Ruramira","Nkamba","Nyagacyamu"
1618,"Eastern Province","KAYONZA","Gahini","Kiyenzi","Nyagahandagaza"
1619,"Eastern Province","RWAMAGANA","Munyiginya","Nkomangwa","Nyagahanga"
1620,"Eastern Province","KAYONZA","Rukara","Rukara","Nyagaharabuge"
1621,"Eastern Province","KAYONZA","Murama","Nyakanazi","Nyagahinga"
1622,"Eastern Province","RWAMAGANA","Gishali","Ruhunda","Nyagahinga"
1623,"Eastern Province","RWAMAGANA","Gishali","Ruhunda","Nyagakombe"
1624,"Eastern Province","RWAMAGANA","Munyaga","Nkungu","Nyagakombe"
1625,"Eastern Province","RWAMAGANA","Munyiginya","Cyimbazi","Nyagakombe"
1626,"Eastern Province","KAYONZA","Kabare","Cyarubare","Nyagakonji"
1627,"Eastern Province","KAYONZA","Nyamirama","Musumba","Nyagasambu"
1628,"Eastern Province","RWAMAGANA","Karenge","Nyamatete","Nyagasenyi"
1629,"Eastern Province","KAYONZA","Murundi","Karambi","Nyagashanga"
1630,"Eastern Province","RWAMAGANA","Rubona","Kabatasi","Nyagatare"
1631,"Eastern Province","KAYONZA","Mukarange","Nyagatovu","Nyagatovu"
1632,"Eastern Province","RWAMAGANA","Karenge","Kabasore","Nyagatovu"
1633,"Eastern Province","RWAMAGANA","Mwulire","Bicumbi","Nyagihanga"
1634,"Eastern Province","KAYONZA","Gahini","Urugarama","Nyagitabire"
1635,"Eastern Province","RWAMAGANA","Kigabiro","Bwiza","Nyakabande"
1636,"Eastern Province","KAYONZA","Ndego","Byimana","Nyakabingo"
1637,"Eastern Province","RWAMAGANA","Gishali","Bwinsanga","Nyakabungo"
1638,"Eastern Province","KAYONZA","Gahini","Juru","Nyakabungo"
1639,"Eastern Province","KAYONZA","Mwiri","Nyawera","Nyakabungo"
1640,"Eastern Province","KAYONZA","Kabarondo","Cyinzovu","Nyakabungo"
1641,"Eastern Province","RWAMAGANA","Karenge","Nyamatete","Nyakabuye"
1642,"Eastern Province","RWAMAGANA","Gishali","Cyinyana","Nyakagarama"
1643,"Eastern Province","RWAMAGANA","Nyakaliro","Munini","Nyakagarama"
1644,"Eastern Province","KAYONZA","Mwiri","Migera","Nyakagarama"
1645,"Eastern Province","KAYONZA","Nyamirama","Shyogo","Nyakagarama"
1646,"Eastern Province","KAYONZA","Mukarange","Rugendabari","Nyakagarama"
1647,"Eastern Province","KAYONZA","Murama","Nyakanazi","Nyakanazi"
1648,"Eastern Province","RWAMAGANA","Gahengeri","Rugarama","Nyakiri"
1649,"Eastern Province","RWAMAGANA","Musha","Musha","Nyakiriba"
1650,"Eastern Province","RWAMAGANA","Gishali","Binunga","Nyakivomo"
1651,"Eastern Province","KAYONZA","Rwinkwavu","Mukoyoyo","Nyamabuye"
1652,"Eastern Province","KAYONZA","Murama","Bunyentongo","Nyamabuye"
1653,"Eastern Province","RWAMAGANA","Gishali","Gati","Nyamabuye"
1654,"Eastern Province","RWAMAGANA","Rubona","Mabare","Nyamabuye"
1655,"Eastern Province","KAYONZA","Ndego","Byimana","Nyamata"
1656,"Eastern Province","RWAMAGANA","Karenge","Nyamatete","Nyamatete"
1657,"Eastern Province","RWAMAGANA","Musha","Kagarama","Nyamigano"
1658,"Eastern Province","KAYONZA","Murundi","Karambi","Nyamirama"
1659,"Eastern Province","KAYONZA","Gahini","Kahi","Nyamiyaga"
1660,"Eastern Province","KAYONZA","Ndego","Kiyovu","Nyamugari"
1661,"Eastern Province","RWAMAGANA","Gahengeri","Rweri","Nyamugari"
1662,"Eastern Province","KAYONZA","Murundi","Murundi","Nyanga"
1663,"Eastern Province","KAYONZA","Rwinkwavu","Mukoyoyo","Nyankora"
1664,"Eastern Province","RWAMAGANA","Musha","Budahanda","Nyantoki"
1665,"Eastern Province","RWAMAGANA","Muyumbu","Ntebe","Nyarubambo"
1666,"Eastern Province","RWAMAGANA","Gahengeri","Rugarama","Nyarucyamo"
1667,"Eastern Province","RWAMAGANA","Muhazi","Karitutu","Nyarugarama"
1668,"Eastern Province","RWAMAGANA","Nzige","Akanzu","Nyarugenge"
1669,"Eastern Province","RWAMAGANA","Muhazi","Byeza","Nyarukombe"
1670,"Eastern Province","KAYONZA","Nyamirama","Musumba","Nyarunazi"
1671,"Eastern Province","RWAMAGANA","Nyakaliro","Munini","Nyarurembo"
1672,"Eastern Province","RWAMAGANA","Nzige","Murama","Nyarusange"
1673,"Eastern Province","KAYONZA","Kabare","Rubimba","Nyarusange"
1674,"Eastern Province","RWAMAGANA","Nyakaliro","Munini","Nyarutovu"
1675,"Eastern Province","RWAMAGANA","Nzige","Kigarama","Nyarutovu"
1676,"Eastern Province","KAYONZA","Rukara","Rwimishinya","Nyarutunga I"
1677,"Eastern Province","KAYONZA","Rukara","Rwimishinya","Nyarutunga Ii"
1678,"Eastern Province","KAYONZA","Rwinkwavu","Mukoyoyo","Nyarwashama I"
1679,"Eastern Province","KAYONZA","Rwinkwavu","Mukoyoyo","Nyarwashama Ii"
1680,"Eastern Province","RWAMAGANA","Muhazi","Murambi","Nyendo"
1681,"Eastern Province","RWAMAGANA","Fumbwe","Mununu","Nyirabiteri"
1682,"Eastern Province","RWAMAGANA","Nyakaliro","Gishore","Nyirabuhene"
1683,"Eastern Province","RWAMAGANA","Gahengeri","Gihumuza","Nyirabujari"
1684,"Eastern Province","RWAMAGANA","Nyakaliro","Munini","Nyiramitemeri"
1685,"Eastern Province","KAYONZA","Gahini","Kiyenzi","Nyirampaca"
1686,"Eastern Province","KAYONZA","Rukara","Rukara","Nyirarukara"
1687,"Eastern Province","RWAMAGANA","Gahengeri","Mutamwa","Nyirarwirungu"
1688,"Eastern Province","RWAMAGANA","Muhazi","Nyarusange","Plage"
1689,"Eastern Province","RWAMAGANA","Muhazi","Karambi","Ragwe"
1690,"Eastern Province","RWAMAGANA","Kigabiro","Nyagasenyi","Ramba"
1691,"Eastern Province","RWAMAGANA","Fumbwe","Nyagasambu","Rambura"
1692,"Eastern Province","KAYONZA","Rwinkwavu","Mukoyoyo","Rebero"
1693,"Eastern Province","RWAMAGANA","Gahengeri","Gihumuza","Rebero"
1694,"Eastern Province","KAYONZA","Rwinkwavu","Nkondo","Rebero"
1695,"Eastern Province","RWAMAGANA","Muyumbu","Bujyujyu","Rebero"
1696,"Eastern Province","RWAMAGANA","Fumbwe","Nyagasambu","Rebero"
1697,"Eastern Province","RWAMAGANA","Karenge","Karenge","Rebero"
1698,"Eastern Province","RWAMAGANA","Gahengeri","Rugarama","Rebero"
1699,"Eastern Province","RWAMAGANA","Mwulire","Bushenyi","Rebero"
1700,"Eastern Province","RWAMAGANA","Mwulire","Mwulire","Rebero"
1701,"Eastern Province","KAYONZA","Murama","Muko","Rebezo"
1702,"Eastern Province","KAYONZA","Ndego","Karambi","Remera"
1703,"Eastern Province","KAYONZA","Kabare","Kirehe","Rompuwe"
1704,"Eastern Province","KAYONZA","Gahini","Juru","Rubariro"
1705,"Eastern Province","RWAMAGANA","Muyumbu","Bujyujyu","Rubaza"
1706,"Eastern Province","RWAMAGANA","Mwulire","Bushenyi","Rubiha"
1707,"Eastern Province","KAYONZA","Kabarondo","Kabura","Rubira"
1708,"Eastern Province","RWAMAGANA","Muhazi","Nsinda","Rubirizi"
1709,"Eastern Province","KAYONZA","Rwinkwavu","Gihinga","Rubirizi"
1710,"Eastern Province","RWAMAGANA","Rubona","Mabare","Rubirizi"
1711,"Eastern Province","RWAMAGANA","Muyumbu","Nyarukombe","Rubona"
1712,"Eastern Province","RWAMAGANA","Gahengeri","Mutamwa","Rubonobono"
1713,"Eastern Province","RWAMAGANA","Rubona","Kabuye","Rubumba"
1714,"Eastern Province","KAYONZA","Murundi","Murundi","Rucaca"
1715,"Eastern Province","RWAMAGANA","Munyaga","Nkungu","Rudashya"
1716,"Eastern Province","RWAMAGANA","Rubona","Nawe","Rudashya"
1717,"Eastern Province","RWAMAGANA","Musha","Akabare","Rugabano"
1718,"Eastern Province","KAYONZA","Nyamirama","Shyogo","Rugagi"
1719,"Eastern Province","RWAMAGANA","Gahengeri","Mutamwa","Rugagi"
1720,"Eastern Province","RWAMAGANA","Muyumbu","Akinyambo","Rugarama"
1721,"Eastern Province","KAYONZA","Nyamirama","Rurambi","Rugarama"
1722,"Eastern Province","RWAMAGANA","Mwulire","Ntunga","Rugarama"
1723,"Eastern Province","RWAMAGANA","Fumbwe","Nyagasambu","Rugarama"
1724,"Eastern Province","RWAMAGANA","Musha","Musha","Rugarama"
1725,"Eastern Province","RWAMAGANA","Rubona","Karambi","Rugarama"
1726,"Eastern Province","KAYONZA","Murama","Muko","Rugarama"
1727,"Eastern Province","RWAMAGANA","Fumbwe","Nyakagunga","Rugarama"
1728,"Eastern Province","KAYONZA","Kabarondo","Cyinzovu","Rugarama"
1729,"Eastern Province","KAYONZA","Murama","Nyakanazi","Rugazi"
1730,"Eastern Province","KAYONZA","Kabarondo","Cyinzovu","Rugazi"
1731,"Eastern Province","KAYONZA","Mukarange","Rugendabari","Rugendabari"
1732,"Eastern Province","RWAMAGANA","Nyakaliro","Gishore","Rugende"
1733,"Eastern Province","RWAMAGANA","Mwulire","Ntunga","Rugenge"
1734,"Eastern Province","RWAMAGANA","Fumbwe","Nyagasambu","Rugenge"
1735,"Eastern Province","KAYONZA","Mwiri","Kageyo","Rugeyo"
1736,"Eastern Province","RWAMAGANA","Kigabiro","Sovu","Rugobagoba"
1737,"Eastern Province","KAYONZA","Murundi","Karambi","Rugunga"
1738,"Eastern Province","KAYONZA","Rwinkwavu","Gihinga","Rugunga"
1739,"Eastern Province","RWAMAGANA","Nzige","Kigarama","Rugunga"
1740,"Eastern Province","KAYONZA","Kabare","Gitara","Rugunga"
1741,"Eastern Province","KAYONZA","Kabarondo","Cyabajwa","Rugwagwa"
1742,"Eastern Province","RWAMAGANA","Nyakaliro","Gishore","Ruhanika"
1743,"Eastern Province","RWAMAGANA","Musha","Nyakabanda","Ruhita"
1744,"Eastern Province","RWAMAGANA","Gahengeri","Kanyangese","Ruhita"
1745,"Eastern Province","KAYONZA","Mwiri","Nyamugari","Ruhoroba"
1746,"Eastern Province","RWAMAGANA","Musha","Nyabisindu","Rujumbura"
1747,"Eastern Province","KAYONZA","Kabare","Cyarubare","Rukagati"
1748,"Eastern Province","KAYONZA","Ruramira","Ruyonza","Rukoma"
1749,"Eastern Province","RWAMAGANA","Musha","Akabare","Rukombe"
1750,"Eastern Province","KAYONZA","Gahini","Kahi","Rukore"
1751,"Eastern Province","RWAMAGANA","Karenge","Byimana","Rukori"
1752,"Eastern Province","KAYONZA","Murundi","Karambi","Rukoyoyo"
1753,"Eastern Province","KAYONZA","Murundi","Karambi","Rumuri"
1754,"Eastern Province","RWAMAGANA","Karenge","Bicaca","Runzenze"
1755,"Eastern Province","RWAMAGANA","Nyakaliro","Gatare","Runzenze"
1756,"Eastern Province","KAYONZA","Kabarondo","Rusera","Rurama"
1757,"Eastern Province","KAYONZA","Rwinkwavu","Nkondo","Rurama"
1758,"Eastern Province","RWAMAGANA","Gahengeri","Kibare","Rurambi"
1759,"Eastern Province","RWAMAGANA","Gishali","Cyinyana","Rurembo"
1760,"Eastern Province","RWAMAGANA","Fumbwe","Nyarubuye","Rurembo"
1761,"Eastern Province","RWAMAGANA","Kigabiro","Cyanya","Rurembo"
1762,"Eastern Province","KAYONZA","Murama","Nyakanazi","Rurenge"
1763,"Eastern Province","KAYONZA","Kabarondo","Cyinzovu","Rurenge"
1764,"Eastern Province","RWAMAGANA","Gishali","Binunga","Rurindimura"
1765,"Eastern Province","RWAMAGANA","Nyakaliro","Gishore","Rusagara"
1766,"Eastern Province","RWAMAGANA","Rubona","Mabare","Rusanza"
1767,"Eastern Province","KAYONZA","Murama","Murama","Rusaro"
1768,"Eastern Province","RWAMAGANA","Kigabiro","Nyagasenyi","Rusave"
1769,"Eastern Province","RWAMAGANA","Muyumbu","Bujyujyu","Rusave"
1770,"Eastern Province","RWAMAGANA","Nyakaliro","Gishore","Rusave"
1771,"Eastern Province","RWAMAGANA","Mwulire","Bushenyi","Ruseke"
1772,"Eastern Province","RWAMAGANA","Rubona","Kabatasi","Rusenyi"
1773,"Eastern Province","KAYONZA","Kabarondo","Rusera","Rusera"
1774,"Eastern Province","KAYONZA","Nyamirama","Musumba","Rusera"
1775,"Eastern Province","KAYONZA","Rwinkwavu","Gihinga","Rusera"
1776,"Eastern Province","RWAMAGANA","Munyaga","Nkungu","Rushangara"
1777,"Eastern Province","RWAMAGANA","Kigabiro","Sovu","Rushangara"
1778,"Eastern Province","KAYONZA","Murundi","Karambi","Rushenyi"
1779,"Eastern Province","KAYONZA","Kabare","Kirehe","Rushenyi"
1780,"Eastern Province","RWAMAGANA","Nyakaliro","Bihembe","Rusheshe"
1781,"Eastern Province","RWAMAGANA","Nyakaliro","Gishore","Rususa"
1782,"Eastern Province","KAYONZA","Kabarondo","Cyabajwa","Rutagara"
1783,"Eastern Province","KAYONZA","Kabarondo","Rusera","Rutagara Centre"
1784,"Eastern Province","RWAMAGANA","Kigabiro","Bwiza","Rutaka"
1785,"Eastern Province","KAYONZA","Mukarange","Rugendabari","Rutare"
1786,"Eastern Province","RWAMAGANA","Rubona","Kabuye","Rutare"
1787,"Eastern Province","RWAMAGANA","Munyiginya","Bwana","Rutembo"
1788,"Eastern Province","RWAMAGANA","Musha","Nyakabanda","Rutoma"
1789,"Eastern Province","RWAMAGANA","Kigabiro","Bwiza","Rutonde"
1790,"Eastern Province","RWAMAGANA","Muyumbu","Murehe","Ruvomo"
1791,"Eastern Province","RWAMAGANA","Karenge","Kabasore","Ruvomo"
1792,"Eastern Province","RWAMAGANA","Nzige","Rugarama","Ruvomo"
1793,"Eastern Province","KAYONZA","Nyamirama","Rurambi","Ruvumu"
1794,"Eastern Province","KAYONZA","Rukara","Rukara","Ruyenzi"
1795,"Eastern Province","RWAMAGANA","Gahengeri","Runyinya","Ruyumba"
1796,"Eastern Province","KAYONZA","Kabare","Cyarubare","Rwabarema"
1797,"Eastern Province","RWAMAGANA","Musha","Budahanda","Rwabiyange"
1798,"Eastern Province","KAYONZA","Murama","Murama","Rwabugengeri"
1799,"Eastern Province","RWAMAGANA","Gishali","Ruhimbi","Rwagahaya"
1800,"Eastern Province","RWAMAGANA","Munyiginya","Bwana","Rwagahigi"
1801,"Eastern Province","KAYONZA","Kabare","Kirehe","Rwagatera"
1802,"Eastern Province","RWAMAGANA","Nzige","Rugarama","Rwagatsama"
1803,"Eastern Province","KAYONZA","Murundi","Ryamanyoni","Rwakabanda"
1804,"Eastern Province","KAYONZA","Kabare","Cyarubare","Rwakavuna"
1805,"Eastern Province","RWAMAGANA","Munyaga","Kaduha","Rwakigara"
1806,"Eastern Province","KAYONZA","Kabarondo","Cyinzovu","Rwakigeri"
1807,"Eastern Province","RWAMAGANA","Nyakaliro","Munini","Rwamibungo"
1808,"Eastern Province","RWAMAGANA","Musha","Nyabisindu","Rwamivu"
1809,"Eastern Province","RWAMAGANA","Munyiginya","Bwana","Rwamugurusu"
1810,"Eastern Province","KAYONZA","Kabare","Rubimba","Rwamushoma"
1811,"Eastern Province","KAYONZA","Nyamirama","Shyogo","Rwangabarezi"
1812,"Eastern Province","RWAMAGANA","Nyakaliro","Munini","Rwankacari"
1813,"Eastern Province","RWAMAGANA","Gahengeri","Kagezi","Rwarugaju"
1814,"Eastern Province","KAYONZA","Murundi","Karambi","Rwasama"
1815,"Eastern Province","KAYONZA","Mwiri","Nyamugari","Rwazana"
1816,"Eastern Province","KAYONZA","Rukara","Kawangire","Rwempasha"
1817,"Eastern Province","RWAMAGANA","Munyiginya","Bwana","Rweza"
1818,"Eastern Province","RWAMAGANA","Kigabiro","Bwiza","Rweza"
1819,"Eastern Province","RWAMAGANA","Munyiginya","Cyarukamba","Rweza"
1820,"Eastern Province","RWAMAGANA","Mwulire","Bicumbi","Rwimbogo"
1821,"Eastern Province","RWAMAGANA","Munyaga","Kaduha","Rwimbogo"
1822,"Eastern Province","RWAMAGANA","Nyakaliro","Rwimbogo","Rwimbogo"
1823,"Eastern Province","RWAMAGANA","Karenge","Nyabubare","Rwinka"
1824,"Eastern Province","KAYONZA","Gahini","Urugarama","Rwinkuba"
1825,"Eastern Province","KAYONZA","Rwinkwavu","Nkondo","Rwinkwavu"
1826,"Eastern Province","KAYONZA","Murundi","Karambi","Rwinsheke I"
1827,"Eastern Province","KAYONZA","Murundi","Karambi","Rwinsheke Ii"
1828,"Eastern Province","KAYONZA","Murundi","Ryamanyoni","Rwinyambo"
1829,"Eastern Province","KAYONZA","Nyamirama","Shyogo","Rwinyana"
1830,"Eastern Province","RWAMAGANA","Munyaga","Zinga","Rwisange"
1831,"Eastern Province","KAYONZA","Mwiri","Kageyo","Rwisirabo A"
1832,"Eastern Province","KAYONZA","Mwiri","Kageyo","Rwisirabo B"
1833,"Eastern Province","RWAMAGANA","Muyumbu","Akinyambo","Ryabaheshwa"
1834,"Eastern Province","KAYONZA","Mwiri","Nyawera","Ryakibanda"
1835,"Eastern Province","KAYONZA","Murundi","Ryamanyoni","Ryakirenzi I"
1836,"Eastern Province","KAYONZA","Murundi","Ryamanyoni","Ryakirenzi Ii"
1837,"Eastern Province","KAYONZA","Murundi","Ryamanyoni","Ryamanyoni"
1838,"Eastern Province","RWAMAGANA","Munyiginya","Nkomangwa","Ryamirenge"
1839,"Eastern Province","RWAMAGANA","Karenge","Nyabubare","Ryamugabo"
1840,"Eastern Province","KAYONZA","Mwiri","Nyamugari","Ryamutumo"
1841,"Eastern Province","RWAMAGANA","Gahengeri","Runyinya","Ryamuzuka"
1842,"Eastern Province","RWAMAGANA","Nyakaliro","Rwimbogo","Ryarurindo"
1843,"Eastern Province","RWAMAGANA","Gahengeri","Mutamwa","Ryasenteteri"
1844,"Eastern Province","KAYONZA","Ruramira","Nkamba","Sabununga"
1845,"Eastern Province","RWAMAGANA","Mwulire","Bicumbi","Sabusaro"
1846,"Eastern Province","RWAMAGANA","Gahengeri","Kagezi","Samatare"
1847,"Eastern Province","RWAMAGANA","Nyakaliro","Gatare","Samuduha"
1848,"Eastern Province","RWAMAGANA","Muyumbu","Ntebe","Samuramba"
1849,"Eastern Province","KAYONZA","Mwiri","Kageyo","Sebasengo"
1850,"Eastern Province","KAYONZA","Rwinkwavu","Nkondo","Seka"
1851,"Eastern Province","KAYONZA","Murama","Rusave","Seresi"
1852,"Eastern Province","RWAMAGANA","Gishali","Bwinsanga","Shaburondo"
1853,"Eastern Province","RWAMAGANA","Fumbwe","Nyamirama","Shenga"
1854,"Eastern Province","KAYONZA","Nyamirama","Rurambi","Shirinyota"
1855,"Eastern Province","KAYONZA","Murama","Bunyentongo","Shyanda"
1856,"Eastern Province","KAYONZA","Ruramira","Ruyonza","Taba"
1857,"Eastern Province","KAYONZA","Gahini","Kahi","Tsima"
1858,"Eastern Province","KAYONZA","Rwinkwavu","Mukoyoyo","Twibanire"
1859,"Eastern Province","KAYONZA","Rwinkwavu","Mukoyoyo","Twiyunge"
1860,"Eastern Province","KAYONZA","Rwinkwavu","Gihinga","Uburembo"
1861,"Eastern Province","KAYONZA","Murundi","Ryamanyoni","Ubwiza"
1862,"Eastern Province","RWAMAGANA","Muhazi","Kabare","Ubwiza"
1863,"Eastern Province","RWAMAGANA","Muhazi","Nyarusange","Umubuga"
1864,"Eastern Province","RWAMAGANA","Rubona","Mabare","Umubuga"
1865,"Eastern Province","KAYONZA","Ruramira","Nkamba","Umubuga"
1866,"Eastern Province","KAYONZA","Kabarondo","Rusera","Umucyo"
1867,"Eastern Province","RWAMAGANA","Kigabiro","Nyagasenyi","Umuganura"
1868,"Eastern Province","RWAMAGANA","Munyiginya","Binunga","Umuhumuro"
1869,"Eastern Province","RWAMAGANA","Rubona","Byinza","Umumeyu"
1870,"Eastern Province","RWAMAGANA","Gishali","Gati","Umunanira"
1871,"Eastern Province","RWAMAGANA","Musha","Nyabisindu","Umunini"
1872,"Eastern Province","RWAMAGANA","Muhazi","Kabare","Umunini"
1873,"Eastern Province","RWAMAGANA","Gishali","Ruhimbi","Umunini"
1874,"Eastern Province","KAYONZA","Kabare","Cyarubare","Umunini"
1875,"Eastern Province","RWAMAGANA","Gahengeri","Kanyangese","Umunini"
1876,"Eastern Province","RWAMAGANA","Rubona","Kabatasi","Umurehe"
1877,"Eastern Province","KAYONZA","Kabare","Cyarubare","Umuremampango"
1878,"Eastern Province","RWAMAGANA","Munyiginya","Bwana","Umurinzi"
1879,"Eastern Province","KAYONZA","Mwiri","Migera","Umutekano"
1880,"Eastern Province","KAYONZA","Kabare","Cyarubare","Umuyenzi"
1881,"Eastern Province","KAYONZA","Gahini","Urugarama","Umwiga"
1882,"Eastern Province","KAYONZA","Gahini","Urugarama","Urugarama"
1883,"Eastern Province","RWAMAGANA","Muhazi","Ntebe","Urugero"
1884,"Eastern Province","RWAMAGANA","Muhazi","Ntebe","Urugwiro"
1885,"Eastern Province","RWAMAGANA","Rubona","Mabare","Urugwiro"
1886,"Eastern Province","RWAMAGANA","Munyiginya","Binunga","Urugwiza"
1887,"Eastern Province","KAYONZA","Gahini","Kahi","Uruhuha"
1888,"Eastern Province","RWAMAGANA","Gishali","Gati","Uruhuha"
1889,"Eastern Province","RWAMAGANA","Gishali","Kavumu","Uruyenzi"
1890,"Eastern Province","RWAMAGANA","Rubona","Byinza","Uwadesa"
1891,"Eastern Province","RWAMAGANA","Muhazi","Kabare","Uwimanzi"
1892,"Eastern Province","KAYONZA","Gahini","Urugarama","Videwo"
1893,"Eastern Province","KAYONZA","Rwinkwavu","Mukoyoyo","Vungiro"
1894,"Eastern Province","RWAMAGANA","Muhazi","Murambi","Yabaranda"
1895,"Eastern Province","RWAMAGANA","Muyumbu","Bujyujyu","Yeruzalemu"
