Province,District,Sector,Cell,Village,HH_Count
"Eastern Province","RWAMAGANA","Gishali","Ruhimbi","Abakina",1035
"Eastern Province","KAYONZA","Mukarange","Bwiza","Abemeye Amahoro",823
"Eastern Province","KAYONZA","Mukarange","Bwiza","Abisunganye",1193
"Eastern Province","KAYONZA","Mwiri","Migera","Agahiza",1021
"Eastern Province","RWAMAGANA","Gahengeri","Kanyangese","Agakari",382
"Eastern Province","KAYONZA","Nyamirama","Shyogo","Agasharu",943
"Eastern Province","RWAMAGANA","Rubona","Kabatasi","Agasharu",1009
"Eastern Province","RWAMAGANA","Nzige","Murama","Agasharu",835
"Eastern Province","KAYONZA","Ruramira","Umubuga","Agasharu",647
"Eastern Province","RWAMAGANA","Gahengeri","Mutamwa","Agasharu",397
"Eastern Province","KAYONZA","Ruramira","Bugambira","Agasharu",1150
"Eastern Province","KAYONZA","Kabarondo","Kabura","Agasharu",660
"Eastern Province","KAYONZA","Kabarondo","Cyinzovu","Agashikiri",829
"Eastern Province","RWAMAGANA","Musha","Nyabisindu","Agashuhe",408
"Eastern Province","KAYONZA","Ruramira","Bugambira","Agatare",749
"Eastern Province","RWAMAGANA","Muhazi","Karitutu","Agatare",1645
"Eastern Province","RWAMAGANA","Rubona","Kabuye","Agatare",1106
"Eastern Province","RWAMAGANA","Fumbwe","Nyamirama","Agatare",625
"Eastern Province","KAYONZA","Kabarondo","Kabura","Agatare",948
"Eastern Province","RWAMAGANA","Munyiginya","Cyimbazi","Agatare",623
"Eastern Province","RWAMAGANA","Gishali","Gati","Agatare",965
"Eastern Province","KAYONZA","Gahini","Urugarama","Akabahizi",1235
"Eastern Province","RWAMAGANA","Musha","Akabare","Akabare",990
"Eastern Province","KAYONZA","Gahini","Kahi","Akabare",1192
"Eastern Province","KAYONZA","Rukara","Rwimishinya","Akabare I",1002
"Eastern Province","KAYONZA","Rukara","Rwimishinya","Akabare Ii",896
"Eastern Province","KAYONZA","Ruramira","Nkamba","Akabarima",867
"Eastern Province","RWAMAGANA","Muhazi","Nsinda","Akabeza",689
"Eastern Province","KAYONZA","Gahini","Urugarama","Akabeza",823
"Eastern Province","KAYONZA","Mukarange","Nyagatovu","Akabeza",848
"Eastern Province","RWAMAGANA","Fumbwe","Nyakagunga","Akabeza",1908
"Eastern Province","KAYONZA","Mukarange","Kayonza","Akabuga",672
"Eastern Province","RWAMAGANA","Gahengeri","Kagezi","Akabuga",662
"Eastern Province","KAYONZA","Mukarange","Mburabuturo","Akabuga",666
"Eastern Province","RWAMAGANA","Gishali","Kavumu","Akabuga",849
"Eastern Province","RWAMAGANA","Munyiginya","Cyimbazi","Akabuye",1246
"Eastern Province","RWAMAGANA","Munyiginya","Bwana","Akabuye",458
"Eastern Province","RWAMAGANA","Muhazi","Nyarusange","Akagarama",852
"Eastern Province","KAYONZA","Kabarondo","Kabura","Akagarama",761
"Eastern Province","RWAMAGANA","Fumbwe","Nyamirama","Akagarama",616
"Eastern Province","RWAMAGANA","Mwulire","Mwulire","Akagarama",536
"Eastern Province","KAYONZA","Rwinkwavu","Gihinga","Akajevuba",677
"Eastern Province","KAYONZA","Mukarange","Nyagatovu","Akamarara",823
"Eastern Province","RWAMAGANA","Gahengeri","Runyinya","Akamasasa",598
"Eastern Province","RWAMAGANA","Nyakaliro","Munini","Akamasatura",534
"Eastern Province","KAYONZA","Mukarange","Nyagatovu","Akamayange",673
"Eastern Province","KAYONZA","Murundi","Karambi","Akamina",1304
"Eastern Province","KAYONZA","Gahini","Urugarama","Akamuyenzi",790
"Eastern Province","RWAMAGANA","Gishali","Bwinsanga","Akanogo",1438
"Eastern Province","KAYONZA","Murundi","Ryamanyoni","Akanyerezo",553
"Eastern Province","KAYONZA","Mukarange","Nyagatovu","Akanyinya",887
"Eastern Province","RWAMAGANA","Nzige","Akanzu","Akanzige",541
"Eastern Province","RWAMAGANA","Nzige","Akanzu","Akanzu",775
"Eastern Province","KAYONZA","Ruramira","Nkamba","Akarambo",910
"Eastern Province","KAYONZA","Mukarange","Mburabuturo","Akarugangare",640
"Eastern Province","KAYONZA","Ruramira","Umubuga","Akarugina",840
"Eastern Province","RWAMAGANA","Muhazi","Nyarusange","Akatorero",737
"Eastern Province","KAYONZA","Rwinkwavu","Gihinga","Akayebe",739
"Eastern Province","KAYONZA","Gahini","Urugarama","Akimpara",986
"Eastern Province","KAYONZA","Kabarondo","Cyinzovu","Akinyenyeri",770
"Eastern Province","RWAMAGANA","Muyumbu","Akinyambo","Akubugingo",1307
"Eastern Province","RWAMAGANA","Muhazi","Ntebe","Amagaju",603
"Eastern Province","RWAMAGANA","Rubona","Mabare","Amarimba",587
"Eastern Province","KAYONZA","Nyamirama","Rurambi","Amashinge ",858
"Eastern Province","KAYONZA","Ruramira","Bugambira","Amashya",713
"Eastern Province","RWAMAGANA","Gahengeri","Rugarama","Amatafari",628
"Eastern Province","KAYONZA","Ruramira","Umubuga","Amazinga",789
"Eastern Province","KAYONZA","Mukarange","Bwiza","Amizero",753
"Eastern Province","RWAMAGANA","Munyiginya","Nyarubuye","Babasha",836
"Eastern Province","RWAMAGANA","Kigabiro","Sibagire","Bacyoro",1111
"Eastern Province","RWAMAGANA","Munyiginya","Nkomangwa","Bakannyi",896
"Eastern Province","KAYONZA","Kabare","Rubimba","Bara",1442
"Eastern Province","RWAMAGANA","Nzige","Rugarama","Bicaca",504
"Eastern Province","RWAMAGANA","Karenge","Bicaca","Bicaca Centre",725
"Eastern Province","RWAMAGANA","Mwulire","Bicumbi","Bicumbi",1081
"Eastern Province","KAYONZA","Murama","Rusave","Bicumbi",779
"Eastern Province","RWAMAGANA","Rubona","Byinza","Bidudu",485
"Eastern Province","RWAMAGANA","Kigabiro","Cyanya","Bigabiro",1906
"Eastern Province","RWAMAGANA","Rubona","Karambi","Bigaga",517
"Eastern Province","RWAMAGANA","Fumbwe","Nyamirama","Bigarama",686
"Eastern Province","RWAMAGANA","Nyakaliro","Bihembe","Bihembe",633
"Eastern Province","RWAMAGANA","Musha","Akabare","Binunga",787
"Eastern Province","RWAMAGANA","Kigabiro","Cyanya","Biraro",897
"Eastern Province","RWAMAGANA","Munyaga","Rweru","Birayi",1141
"Eastern Province","RWAMAGANA","Muhazi","Kabare","Birembo",920
"Eastern Province","RWAMAGANA","Fumbwe","Sasabirago","Birembo",711
"Eastern Province","KAYONZA","Rwinkwavu","Mukoyoyo","Bishenyi",675
"Eastern Province","RWAMAGANA","Rubona","Mabare","Bitare",582
"Eastern Province","RWAMAGANA","Muyumbu","Murehe","Bitega",964
"Eastern Province","RWAMAGANA","Nzige","Rugarama","Bitega",528
"Eastern Province","KAYONZA","Kabarondo","Cyinzovu","Bitoma",1372
"Eastern Province","RWAMAGANA","Musha","Nyakabanda","Bitsibo",1284
"Eastern Province","KAYONZA","Murama","Murama","Bubindi",577
"Eastern Province","RWAMAGANA","Musha","Akabare","Budahigwa",359
"Eastern Province","KAYONZA","Murundi","Karambi","Bugarura",841
"Eastern Province","RWAMAGANA","Kigabiro","Sibagire","Bugugu",662
"Eastern Province","KAYONZA","Kabare","Rubimba","Buhabwa",538
"Eastern Province","KAYONZA","Murundi","Buhabwa","Buhabwa",2144
"Eastern Province","KAYONZA","Mukarange","Kayonza","Buhonde",1348
"Eastern Province","KAYONZA","Ruramira","Bugambira","Buhoro",710
"Eastern Province","KAYONZA","Rwinkwavu","Nkondo","Burigade",450
"Eastern Province","RWAMAGANA","Kigabiro","Cyanya","Busanza",1080
"Eastern Province","RWAMAGANA","Musha","Nyabisindu","Busanza",525
"Eastern Province","KAYONZA","Ndego","Byimana","Busasamana",530
"Eastern Province","KAYONZA","Rwinkwavu","Mukoyoyo","Busasamana",611
"Eastern Province","KAYONZA","Murama","Nyakanazi","Busasamana",540
"Eastern Province","RWAMAGANA","Gishali","Binunga","Busharu",1061
"Eastern Province","RWAMAGANA","Nyakaliro","Bihembe","Busimbuzi",1140
"Eastern Province","KAYONZA","Kabarondo","Cyabajwa","Busindu",1215
"Eastern Province","RWAMAGANA","Nyakaliro","Bihembe","Butare",620
"Eastern Province","KAYONZA","Rukara","Rukara","Butimba",1431
"Eastern Province","KAYONZA","Rukara","Kawangire","Butimba I",1111
"Eastern Province","KAYONZA","Rukara","Kawangire","Butimba Ii",643
"Eastern Province","KAYONZA","Kabarondo","Rusera","Butobagire",718
"Eastern Province","KAYONZA","Gahini","Urugarama","Buyanja",1439
"Eastern Province","RWAMAGANA","Munyiginya","Nyarubuye","Buyanja",800
"Eastern Province","KAYONZA","Rukara","Rukara","Buyonza",1177
"Eastern Province","KAYONZA","Kabare","Rubumba","Bwatampama",1128
"Eastern Province","KAYONZA","Murama","Bunyentongo","Bweramvura",675
"Eastern Province","KAYONZA","Mukarange","Mburabuturo","Bwingeyo",807
"Eastern Province","KAYONZA","Murama","Rusave","Bwinyana",920
"Eastern Province","KAYONZA","Nyamirama","Rurambi","Bwiza",1380
"Eastern Province","KAYONZA","Rwinkwavu","Mukoyoyo","Bwiza",318
"Eastern Province","RWAMAGANA","Karenge","Karenge","Bwiza",495
"Eastern Province","RWAMAGANA","Musha","Nyabisindu","Bwiza",596
"Eastern Province","RWAMAGANA","Mwulire","Bushenyi","Byange",1073
"Eastern Province","RWAMAGANA","Gishali","Ruhimbi","Byimana",626
"Eastern Province","KAYONZA","Murama","Rusave","Byimana",757
"Eastern Province","RWAMAGANA","Fumbwe","Sasabirago","Byimana",593
"Eastern Province","RWAMAGANA","Muhazi","Kitazigurwa","Byimana",926
"Eastern Province","KAYONZA","Rwinkwavu","Nkondo","Byimana",540
"Eastern Province","RWAMAGANA","Karenge","Byimana","Byimana",683
"Eastern Province","RWAMAGANA","Karenge","Kangamba","Byimana",819
"Eastern Province","RWAMAGANA","Gahengeri","Rugarama","Byimana",641
"Eastern Province","RWAMAGANA","Rubona","Karambi","Byobo",794
"Eastern Province","KAYONZA","Kabarondo","Cyabajwa","Cyabajwa",767
"Eastern Province","KAYONZA","Ruramira","Nkamba","Cyabitana",665
"Eastern Province","RWAMAGANA","Nzige","Akanzu","Cyahafi",406
"Eastern Province","RWAMAGANA","Kigabiro","Cyanya","Cyahafi",791
"Eastern Province","KAYONZA","Murundi","Buhabwa","Cyamburara",1548
"Eastern Province","RWAMAGANA","Rubona","Kabuye","Cyamuyango",656
"Eastern Province","KAYONZA","Murundi","Ryamanyoni","Cyandorimana",684
"Eastern Province","RWAMAGANA","Gahengeri","Gihumuza","Cyanga",671
"Eastern Province","RWAMAGANA","Karenge","Bicaca","Cyanyirampazi",331
"Eastern Province","RWAMAGANA","Karenge","Bicaca","Cyarugaju",513
"Eastern Province","RWAMAGANA","Nyakaliro","Rwimbogo","Cyaruhinda",336
"Eastern Province","RWAMAGANA","Kigabiro","Sovu","Cyaruhogo",699
"Eastern Province","RWAMAGANA","Fumbwe","Nyamirama","Cyarutabana",674
"Eastern Province","RWAMAGANA","Muhazi","Karitutu","Cyeru",1353
"Eastern Province","KAYONZA","Mukarange","Kayonza","Cyeru",1077
"Eastern Province","RWAMAGANA","Gahengeri","Runyinya","Cyeru",665
"Eastern Province","RWAMAGANA","Karenge","Nyamatete","Cyerwa",828
"Eastern Province","RWAMAGANA","Nzige","Akanzu","Cyerwa",615
"Eastern Province","RWAMAGANA","Mwulire","Ntunga","Cyimbazi",799
"Eastern Province","RWAMAGANA","Kigabiro","Sibagire","Cyimpima",533
"Eastern Province","RWAMAGANA","Munyaga","Zinga","Cyinganzwa",716
"Eastern Province","RWAMAGANA","Fumbwe","Mununu","Cyingara",782
"Eastern Province","KAYONZA","Kabarondo","Cyinzovu","Cyinzovu",963
"Eastern Province","RWAMAGANA","Rubona","Nawe","Cyiri",662
"Eastern Province","RWAMAGANA","Gishali","Ruhimbi","Cyiri",1488
"Eastern Province","RWAMAGANA","Mwulire","Mwulire","Cyome",815
"Eastern Province","RWAMAGANA","Musha","Akabare","Duha",548
"Eastern Province","KAYONZA","Rwinkwavu","Mukoyoyo","Dusabane",735
"Eastern Province","KAYONZA","Kabare","Kirehe","Duterimbere",1120
"Eastern Province","RWAMAGANA","Karenge","Nyabubare","Feri",420
"Eastern Province","KAYONZA","Rwinkwavu","Mbarara","Gacaca",907
"Eastern Province","RWAMAGANA","Gahengeri","Runyinya","Gacunshu",449
"Eastern Province","KAYONZA","Ndego","Isangano","Gafunzo",559
"Eastern Province","KAYONZA","Murundi","Karambi","Gafunzo",565
"Eastern Province","KAYONZA","Kabare","Kirehe","Gahama",784
"Eastern Province","RWAMAGANA","Muhazi","Karambi","Gahengeri",1041
"Eastern Province","KAYONZA","Murama","Bunyentongo","Gahengeri",549
"Eastern Province","KAYONZA","Kabare","Gitara","Gahombya",533
"Eastern Province","RWAMAGANA","Muhazi","Nyarusange","Gahondo",628
"Eastern Province","RWAMAGANA","Kigabiro","Nyagasenyi","Gahonogo",963
"Eastern Province","KAYONZA","Rwinkwavu","Mbarara","Gahushyi",518
"Eastern Province","KAYONZA","Kabare","Rubumba","Gakenyeri",880
"Eastern Province","KAYONZA","Rukara","Kawangire","Gakenyeri",1096
"Eastern Province","KAYONZA","Kabare","Rubumba","Gakoma",656
"Eastern Province","KAYONZA","Murundi","Buhabwa","Gakoma",1834
"Eastern Province","RWAMAGANA","Muyumbu","Ntebe","Gakomeye",447
"Eastern Province","KAYONZA","Mukarange","Kayonza","Gakurazo",1425
"Eastern Province","KAYONZA","Rwinkwavu","Nkondo","Gasabo",972
"Eastern Province","KAYONZA","Ndego","Kiyovu","Gasabo",2619
"Eastern Province","KAYONZA","Mwiri","Nyamugari","Gasarabwayi",2198
"Eastern Province","RWAMAGANA","Muyumbu","Ntebe","Gasave",859
"Eastern Province","RWAMAGANA","Rubona","Nawe","Gaseke",1087
"Eastern Province","KAYONZA","Ndego","Karambi","Gasenyi",460
"Eastern Province","RWAMAGANA","Kigabiro","Sibagire","Gasharu",658
"Eastern Province","RWAMAGANA","Muhazi","Murambi","Gasharu",594
"Eastern Province","RWAMAGANA","Mwulire","Bicumbi","Gasharu",636
"Eastern Province","RWAMAGANA","Rubona","Mabare","Gasharu",767
"Eastern Province","KAYONZA","Nyamirama","Gikaya","Gasharu",752
"Eastern Province","RWAMAGANA","Muhazi","Kitazigurwa","Gasharu",588
"Eastern Province","RWAMAGANA","Musha","Akabare","Gashikiri",709
"Eastern Province","KAYONZA","Ndego","Isangano","Gashonga",1004
"Eastern Province","KAYONZA","Kabarondo","Kabura","Gashonyi",508
"Eastern Province","KAYONZA","Nyamirama","Gikaya","Gasogi",898
"Eastern Province","KAYONZA","Mukarange","Kayonza","Gasogororo",1976
"Eastern Province","KAYONZA","Nyamirama","Gikaya","Gasura",1805
"Eastern Province","KAYONZA","Murama","Rusave","Gasutamo",1174
"Eastern Province","KAYONZA","Mukarange","Nyagatovu","Gatagara",1510
"Eastern Province","RWAMAGANA","Muyumbu","Bujyujyu","Gatare",1702
"Eastern Province","RWAMAGANA","Gahengeri","Gihumuza","Gatare",763
"Eastern Province","RWAMAGANA","Munyaga","Rweru","Gatare",853
"Eastern Province","RWAMAGANA","Kigabiro","Sovu","Gatare",699
"Eastern Province","RWAMAGANA","Nyakaliro","Gatare","Gatare",1211
"Eastern Province","KAYONZA","Mukarange","Kayonza","Gatebe",1495
"Eastern Province","RWAMAGANA","Gahengeri","Kanyangese","Gatenderi",487
"Eastern Province","RWAMAGANA","Musha","Musha","Gatika",1458
"Eastern Province","RWAMAGANA","Muhazi","Byeza","Gatobotobo",897
"Eastern Province","KAYONZA","Nyamirama","Shyogo","Gatoki",519
"Eastern Province","RWAMAGANA","Nzige","Murama","Gatoki",605
"Eastern Province","RWAMAGANA","Muyumbu","Nyarukombe","Gatuza",1390
"Eastern Province","KAYONZA","Murama","Muko","Gihazo",578
"Eastern Province","KAYONZA","Mukarange","Mburabuturo","Gihima",847
"Eastern Province","RWAMAGANA","Fumbwe","Nyarubuye","Gihima",613
"Eastern Province","KAYONZA","Rwinkwavu","Gihinga","Gihinga",671
"Eastern Province","KAYONZA","Kabarondo","Cyinzovu","Gihuke",644
"Eastern Province","KAYONZA","Kabare","Kirehe","Gikombe",571
"Eastern Province","RWAMAGANA","Nzige","Akanzu","Gikoni",765
"Eastern Province","KAYONZA","Mukarange","Rugendabari","Gikumba",1027
"Eastern Province","RWAMAGANA","Mwulire","Mwulire","Gisanza",700
"Eastern Province","KAYONZA","Ruramira","Ruyonza","Gisenga",729
"Eastern Province","KAYONZA","Gahini","Juru","Gisenga",651
"Eastern Province","RWAMAGANA","Nzige","Kigarama","Gisenyi",672
"Eastern Province","RWAMAGANA","Muyumbu","Ntebe","Gisenyi",775
"Eastern Province","RWAMAGANA","Muyumbu","Bujyujyu","Gishaka",476
"Eastern Province","RWAMAGANA","Munyaga","Kaduha","Gishike",1061
"Eastern Province","RWAMAGANA","Nyakaliro","Gishore","Gishore",2402
"Eastern Province","KAYONZA","Kabare","Rubumba","Gishyoza",975
"Eastern Province","KAYONZA","Kabarondo","Kabura","Gisoro",987
"Eastern Province","KAYONZA","Rwinkwavu","Nkondo","Gisozi",957
"Eastern Province","KAYONZA","Murama","Bunyentongo","Gisunzu",819
"Eastern Province","KAYONZA","Mwiri","Kageyo","Gisunzu",519
"Eastern Province","RWAMAGANA","Nzige","Akanzu","Gitanu",483
"Eastern Province","RWAMAGANA","Rubona","Kabatasi","Gitaraga",729
"Eastern Province","RWAMAGANA","Muyumbu","Nyarukombe","Gitaraga",601
"Eastern Province","KAYONZA","Rukara","Rukara","Gitarama",325
"Eastern Province","RWAMAGANA","Kigabiro","Bwiza","Gitega",572
"Eastern Province","KAYONZA","Ruramira","Nkamba","Gitega",1231
"Eastern Province","KAYONZA","Rukara","Kawangire","Gitega",1040
"Eastern Province","KAYONZA","Mwiri","Nyawera","Gitega",1427
"Eastern Province","KAYONZA","Ruramira","Umubuga","Gitesannyi",699
"Eastern Province","KAYONZA","Ruramira","Ruyonza","Gitoki",487
"Eastern Province","RWAMAGANA","Muyumbu","Nyarukombe","Gituza",1176
"Eastern Province","RWAMAGANA","Rubona","Byinza","Gitwa",488
"Eastern Province","KAYONZA","Ruramira","Ruyonza","Gitwa",745
"Eastern Province","RWAMAGANA","Fumbwe","Nyarubuye","Gitwe",714
"Eastern Province","KAYONZA","Rukara","Rukara","Ibiza",1162
"Eastern Province","KAYONZA","Gahini","Urugarama","Ibiza",995
"Eastern Province","KAYONZA","Ndego","Karambi","Ihema",740
"Eastern Province","KAYONZA","Ndego","Kiyovu","Ihumure",695
"Eastern Province","RWAMAGANA","Gishali","Kavumu","Ingeyo",1024
"Eastern Province","RWAMAGANA","Karenge","Kabasore","Ipide",866
"Eastern Province","KAYONZA","Mukarange","Nyagatovu","Iragwe",909
"Eastern Province","RWAMAGANA","Gahengeri","Kibare","Iramiro",582
"Eastern Province","KAYONZA","Ndego","Kiyovu","Iramiro",961
"Eastern Province","KAYONZA","Mukarange","Nyagatovu","Irebero",1488
"Eastern Province","RWAMAGANA","Munyiginya","Binunga","Irebero",573
"Eastern Province","KAYONZA","Ndego","Byimana","Irebero",585
"Eastern Province","RWAMAGANA","Fumbwe","Sasabirago","Irukwaya",880
"Eastern Province","RWAMAGANA","Munyiginya","Binunga","Isangano",626
"Eastern Province","RWAMAGANA","Fumbwe","Mununu","Janjagiro",1106
"Eastern Province","KAYONZA","Gahini","Juru","Juru",1793
"Eastern Province","RWAMAGANA","Munyaga","Kaduha","Kababero",872
"Eastern Province","RWAMAGANA","Mwulire","Ntunga","Kabacuzi",1067
"Eastern Province","RWAMAGANA","Muyumbu","Ntebe","Kabagabo",850
"Eastern Province","RWAMAGANA","Mwulire","Bushenyi","Kabahima",1500
"Eastern Province","KAYONZA","Murundi","Karambi","Kabana",617
"Eastern Province","RWAMAGANA","Munyaga","Kaduha","Kabare",914
"Eastern Province","KAYONZA","Kabarondo","Cyabajwa","Kabarondo",1603
"Eastern Province","RWAMAGANA","Gahengeri","Runyinya","Kabarore",509
"Eastern Province","KAYONZA","Kabare","Rubimba","Kabarungu",855
"Eastern Province","RWAMAGANA","Karenge","Kabasore","Kabasore",570
"Eastern Province","KAYONZA","Kabare","Kirehe","Kabatinya",695
"Eastern Province","RWAMAGANA","Rubona","Byinza","Kabayange I",691
"Eastern Province","RWAMAGANA","Rubona","Byinza","Kabayange Ii",676
"Eastern Province","RWAMAGANA","Munyaga","Zinga","Kabazeyi",569
"Eastern Province","RWAMAGANA","Munyiginya","Cyarukamba","Kabenda",749
"Eastern Province","RWAMAGANA","Nyakaliro","Bihembe","Kabere",366
"Eastern Province","RWAMAGANA","Kigabiro","Cyanya","Kabeza",476
"Eastern Province","KAYONZA","Murama","Bunyentongo","Kabeza",743
"Eastern Province","KAYONZA","Kabarondo","Kabura","Kabeza",1110
"Eastern Province","RWAMAGANA","Karenge","Bicaca","Kabeza",648
"Eastern Province","RWAMAGANA","Munyiginya","Nyarubuye","Kabeza",604
"Eastern Province","KAYONZA","Nyamirama","Rurambi","Kabeza",1462
"Eastern Province","KAYONZA","Ndego","Byimana","Kabeza",468
"Eastern Province","RWAMAGANA","Munyiginya","Binunga","Kabeza",636
"Eastern Province","RWAMAGANA","Muhazi","Byeza","Kabeza",870
"Eastern Province","RWAMAGANA","Gahengeri","Gihumuza","Kabeza",986
"Eastern Province","RWAMAGANA","Muyumbu","Bujyujyu","Kabeza",638
"Eastern Province","RWAMAGANA","Nzige","Murama","Kabeza",535
"Eastern Province","KAYONZA","Kabare","Rubimba","Kabeza",1157
"Eastern Province","KAYONZA","Kabare","Cyarubare","Kabeza",1394
"Eastern Province","KAYONZA","Ruramira","Ruyonza","Kabeza",674
"Eastern Province","RWAMAGANA","Fumbwe","Mununu","Kabeza",773
"Eastern Province","KAYONZA","Mwiri","Nyamugari","Kabeza",1776
"Eastern Province","RWAMAGANA","Gahengeri","Rweri","Kabigondo",638
"Eastern Province","KAYONZA","Murundi","Ryamanyoni","Kabingo",884
"Eastern Province","RWAMAGANA","Munyaga","Rweru","Kabingo",874
"Eastern Province","RWAMAGANA","Muhazi","Kitazigurwa","Kabirizi",535
"Eastern Province","RWAMAGANA","Fumbwe","Nyarubuye","Kabirizi",782
"Eastern Province","RWAMAGANA","Gahengeri","Kagezi","Kabonero",684
"Eastern Province","RWAMAGANA","Fumbwe","Mununu","Kabuga",487
"Eastern Province","RWAMAGANA","Kigabiro","Sibagire","Kabuga",1407
"Eastern Province","KAYONZA","Rukara","Rukara","Kabuga",1377
"Eastern Province","KAYONZA","Murundi","Karambi","Kabuga",1041
"Eastern Province","KAYONZA","Kabare","Kirehe","Kabuhome",864
"Eastern Province","KAYONZA","Ruramira","Umubuga","Kabukara",487
"Eastern Province","KAYONZA","Mwiri","Nyamugari","Kabukeye",1557
"Eastern Province","KAYONZA","Mukarange","Kayonza","Kabungo",919
"Eastern Province","RWAMAGANA","Muhazi","Murambi","Kabusunzu",393
"Eastern Province","KAYONZA","Ndego","Isangano","Kabusunzu",734
"Eastern Province","KAYONZA","Nyamirama","Rurambi","Kabuya I",1518
"Eastern Province","KAYONZA","Nyamirama","Rurambi","Kabuya Ii",1202
"Eastern Province","RWAMAGANA","Rubona","Kabatasi","Kabuye",1058
"Eastern Province","KAYONZA","Nyamirama","Gikaya","Kabuye",851
"Eastern Province","KAYONZA","Gahini","Kiyenzi","Kabuye",1584
"Eastern Province","KAYONZA","Ruramira","Umubuga","Kabuye",565
"Eastern Province","KAYONZA","Kabarondo","Kabura","Kabuye",1053
"Eastern Province","RWAMAGANA","Munyaga","Nkungu","Kabuye",978
"Eastern Province","KAYONZA","Nyamirama","Rurambi","Kabuye",651
"Eastern Province","RWAMAGANA","Kigabiro","Cyanya","Kabuye",2151
"Eastern Province","RWAMAGANA","Gahengeri","Kibare","Kabuye ",642
"Eastern Province","RWAMAGANA","Munyiginya","Nkomangwa","Kabuye ",713
"Eastern Province","KAYONZA","Ruramira","Ruyonza","Kacyiru",663
"Eastern Province","KAYONZA","Nyamirama","Shyogo","Kacyiru",1084
"Eastern Province","KAYONZA","Kabare","Cyarubare","Kacyiru",931
"Eastern Province","RWAMAGANA","Musha","Musha","Kadasumbwa",1270
"Eastern Province","RWAMAGANA","Mwulire","Ntunga","Kadasumbwa",2099
"Eastern Province","KAYONZA","Murama","Bunyentongo","Kagarama",704
"Eastern Province","RWAMAGANA","Nyakaliro","Gishore","Kagarama",565
"Eastern Province","RWAMAGANA","Musha","Kagarama","Kagarama",847
"Eastern Province","RWAMAGANA","Munyiginya","Cyarukamba","Kagarama",830
"Eastern Province","KAYONZA","Ndego","Karambi","Kagasa",745
"Eastern Province","RWAMAGANA","Kigabiro","Bwiza","Kagererao",402
"Eastern Province","KAYONZA","Ndego","Isangano","Kagese",613
"Eastern Province","RWAMAGANA","Karenge","Kangamba","Kagese",433
"Eastern Province","KAYONZA","Ndego","Isangano","Kagoma",771
"Eastern Province","RWAMAGANA","Muyumbu","Bujyujyu","Kagona",453
"Eastern Province","KAYONZA","Kabare","Gitara","Kagumiro",488
"Eastern Province","KAYONZA","Ruramira","Umubuga","Kajembe",537
"Eastern Province","RWAMAGANA","Nzige","Kigarama","Kajevuba",922
"Eastern Province","RWAMAGANA","Muyumbu","Ntebe","Kajevuba",584
"Eastern Province","KAYONZA","Murama","Murama","Kajevuba",599
"Eastern Province","RWAMAGANA","Karenge","Bicaca","Kajevuba",567
"Eastern Province","KAYONZA","Kabare","Gitara","Kajevuba",862
"Eastern Province","RWAMAGANA","Gahengeri","Gihumuza","Kajevuba",677
"Eastern Province","RWAMAGANA","Muyumbu","Murehe","Kajororo",1213
"Eastern Province","KAYONZA","Ndego","Karambi","Kamabuye",957
"Eastern Province","RWAMAGANA","Nzige","Kigarama","Kamabuye",355
"Eastern Province","KAYONZA","Ndego","Isangano","Kamahoro",775
"Eastern Province","KAYONZA","Rukara","Rukara","Kamajigija",284
"Eastern Province","RWAMAGANA","Nzige","Murama","Kamakuka",518
"Eastern Province","RWAMAGANA","Munyaga","Kaduha","Kamamana",983
"Eastern Province","RWAMAGANA","Kigabiro","Sibagire","Kamanga",1795
"Eastern Province","RWAMAGANA","Nyakaliro","Rwimbogo","Kamashaza",658
"Eastern Province","RWAMAGANA","Kigabiro","Cyanya","Kamata",1205
"Eastern Province","KAYONZA","Nyamirama","Gikaya","Kamonyi",791
"Eastern Province","RWAMAGANA","Muyumbu","Akinyambo","Kampigika",1189
"Eastern Province","KAYONZA","Gahini","Juru","Kamudongo",827
"Eastern Province","RWAMAGANA","Gahengeri","Mutamwa","Kamugasa",499
"Eastern Province","KAYONZA","Kabare","Rubimba","Kamuhabura",1043
"Eastern Province","KAYONZA","Ruramira","Umubuga","Kamukire",1003
"Eastern Province","RWAMAGANA","Gahengeri","Rweri","Kamurindi",964
"Eastern Province","KAYONZA","Murundi","Ryamanyoni","Kaneke",786
"Eastern Province","RWAMAGANA","Munyaga","Kaduha","Kangabo",691
"Eastern Province","RWAMAGANA","Karenge","Kangamba","Kangamba",547
"Eastern Province","RWAMAGANA","Mwulire","Bushenyi","Kangaruye",1209
"Eastern Province","RWAMAGANA","Gahengeri","Kibare","Kanserege",812
"Eastern Province","KAYONZA","Mukarange","Rugendabari","Kanyamasha",925
"Eastern Province","RWAMAGANA","Karenge","Nyabubare","Kanyangese",1625
"Eastern Province","RWAMAGANA","Nyakaliro","Bihembe","Kanyangese",339
"Eastern Province","KAYONZA","Kabarondo","Kabura","Kanyegenyege",1038
"Eastern Province","KAYONZA","Murundi","Ryamanyoni","Kanyegera",673
"Eastern Province","RWAMAGANA","Munyaga","Rweru","Kanyegera",904
"Eastern Province","KAYONZA","Kabare","Cyarubare","Kanyetonga",911
"Eastern Province","RWAMAGANA","Muyumbu","Ntebe","Kanyinya",983
"Eastern Province","KAYONZA","Ndego","Isangano","Kanyinya",790
"Eastern Province","KAYONZA","Kabare","Kirehe","Kanyirabuki",941
"Eastern Province","RWAMAGANA","Muhazi","Nyarusange","Kanywiriri",501
"Eastern Province","KAYONZA","Rukara","Rwimishinya","Karagari I",1065
"Eastern Province","KAYONZA","Rukara","Rwimishinya","Karagari Ii",1065
"Eastern Province","RWAMAGANA","Muyumbu","Bujyujyu","Karama",766
"Eastern Province","RWAMAGANA","Mwulire","Bicumbi","Karama",719
"Eastern Province","KAYONZA","Rukara","Kawangire","Karama",762
"Eastern Province","KAYONZA","Nyamirama","Musumba","Karama",1412
"Eastern Province","KAYONZA","Murama","Muko","Karama",944
"Eastern Province","KAYONZA","Mukarange","Bwiza","Karambarara",921
"Eastern Province","KAYONZA","Nyamirama","Gikaya","Karambi",1088
"Eastern Province","RWAMAGANA","Rubona","Karambi","Karambi",1290
"Eastern Province","KAYONZA","Murundi","Karambi","Karambi",1049
"Eastern Province","RWAMAGANA","Muhazi","Karitutu","Karambo",811
"Eastern Province","RWAMAGANA","Musha","Budahanda","Karambo",929
"Eastern Province","RWAMAGANA","Gahengeri","Runyinya","Karambo",371
"Eastern Province","RWAMAGANA","Munyaga","Zinga","Karambo",1198
"Eastern Province","RWAMAGANA","Fumbwe","Sasabirago","Karambo",682
"Eastern Province","RWAMAGANA","Karenge","Byimana","Karambo",568
"Eastern Province","KAYONZA","Mukarange","Rugendabari","Karambo I",781
"Eastern Province","KAYONZA","Rukara","Rukara","Karambo I",966
"Eastern Province","KAYONZA","Rukara","Rukara","Karambo Ii",628
"Eastern Province","KAYONZA","Mukarange","Rugendabari","Karambo Ii",611
"Eastern Province","RWAMAGANA","Karenge","Karenge","Karenge",872
"Eastern Province","RWAMAGANA","Musha","Musha","Karifuru",881
"Eastern Province","RWAMAGANA","Nyakaliro","Gatare","Karogo",606
"Eastern Province","KAYONZA","Rukara","Rukara","Karubamba",1257
"Eastern Province","RWAMAGANA","Munyiginya","Nkomangwa","Karubisha",1123
"Eastern Province","KAYONZA","Rwinkwavu","Gihinga","Karuhambo",960
"Eastern Province","RWAMAGANA","Kigabiro","Cyanya","Karuhayi",1958
"Eastern Province","RWAMAGANA","Nzige","Kigarama","Karukannyi",538
"Eastern Province","RWAMAGANA","Kigabiro","Cyanya","Karutimbo",1292
"Eastern Province","RWAMAGANA","Gahengeri","Kibare","Karutimbo",1011
"Eastern Province","RWAMAGANA","Karenge","Bicaca","Karuyenzi",668
"Eastern Province","RWAMAGANA","Mwulire","Ntunga","Karuzingura",2271
"Eastern Province","RWAMAGANA","Muhazi","Kitazigurwa","Karwiru",614
"Eastern Province","RWAMAGANA","Nyakaliro","Rwimbogo","Kasemanyana",503
"Eastern Province","RWAMAGANA","Kigabiro","Nyagasenyi","Kavura",1029
"Eastern Province","RWAMAGANA","Muhazi","Nyarusange","Kavura",406
"Eastern Province","RWAMAGANA","Kigabiro","Nyagasenyi","Kayenzi",734
"Eastern Province","RWAMAGANA","Muhazi","Karambi","Kayenzi",915
"Eastern Province","RWAMAGANA","Nzige","Rugarama","Kayibanda",1107
"Eastern Province","RWAMAGANA","Muyumbu","Murehe","Kayigi",811
"Eastern Province","KAYONZA","Murundi","Murundi","Kayongo",894
"Eastern Province","KAYONZA","Mukarange","Kayonza","Kayonza Centre",1014
"Eastern Province","KAYONZA","Rwinkwavu","Mukoyoyo","Kazeneza",741
"Eastern Province","KAYONZA","Kabare","Gitara","Kazeneza",537
"Eastern Province","RWAMAGANA","Rubona","Kabatasi","Kibabara",896
"Eastern Province","RWAMAGANA","Nzige","Murama","Kibabara",466
"Eastern Province","KAYONZA","Ndego","Isangano","Kibare",356
"Eastern Province","RWAMAGANA","Muhazi","Nsinda","Kibare",871
"Eastern Province","KAYONZA","Murundi","Murundi","Kibari",774
"Eastern Province","RWAMAGANA","Fumbwe","Nyakagunga","Kibaza",1208
"Eastern Province","KAYONZA","Kabare","Rubumba","Kibimba",559
"Eastern Province","KAYONZA","Kabare","Cyarubare","Kibimba",678
"Eastern Province","RWAMAGANA","Rubona","Kabatasi","Kiboha",428
"Eastern Province","RWAMAGANA","Gishali","Kavumu","Kibonde",1022
"Eastern Province","KAYONZA","Kabare","Cyarubare","Kiburara",1394
"Eastern Province","KAYONZA","Kabare","Rubumba","Kibuye",1419
"Eastern Province","KAYONZA","Rukara","Kawangire","Kidogo",1027
"Eastern Province","RWAMAGANA","Muhazi","Nyarusange","Kidogo",612
"Eastern Province","RWAMAGANA","Munyaga","Kaduha","Kigabiro",520
"Eastern Province","RWAMAGANA","Mwulire","Mwulire","Kigabiro",828
"Eastern Province","KAYONZA","Mwiri","Nyamugari","Kigarama",1938
"Eastern Province","RWAMAGANA","Kigabiro","Nyagasenyi","Kigega",1283
"Eastern Province","RWAMAGANA","Nyakaliro","Gatare","Kigina",406
"Eastern Province","KAYONZA","Rukara","Rwimishinya","Kigwene I",1275
"Eastern Province","KAYONZA","Rukara","Rwimishinya","Kigwene Ii",1087
"Eastern Province","KAYONZA","Gahini","Juru","Kimana",708
"Eastern Province","RWAMAGANA","Munyiginya","Nyarubuye","Kimara",857
"Eastern Province","RWAMAGANA","Karenge","Kangamba","Kimarambasa",799
"Eastern Province","RWAMAGANA","Nyakaliro","Rwimbogo","Kimicanga",774
"Eastern Province","KAYONZA","Rwinkwavu","Mbarara","Kingogo",469
"Eastern Province","RWAMAGANA","Muhazi","Karitutu","Kingondo",734
"Eastern Province","KAYONZA","Rwinkwavu","Nkondo","Kinihira",833
"Eastern Province","KAYONZA","Nyamirama","Gikaya","Kinkoronko",1142
"Eastern Province","RWAMAGANA","Gahengeri","Rweri","Kinteko",1211
"Eastern Province","RWAMAGANA","Muhazi","Karambi","Kinunga",599
"Eastern Province","KAYONZA","Mukarange","Mburabuturo","Kinunga",1101
"Eastern Province","RWAMAGANA","Muyumbu","Nyarukombe","Kinunga",504
"Eastern Province","KAYONZA","Rukara","Kawangire","Kinunga ",1036
"Eastern Province","KAYONZA","Rukara","Rwimishinya","Kinunga I",987
"Eastern Province","KAYONZA","Rukara","Rukara","Kinunga I",983
"Eastern Province","KAYONZA","Rukara","Rwimishinya","Kinunga Ii",594
"Eastern Province","KAYONZA","Rukara","Rukara","Kinunga Ii",771
"Eastern Province","KAYONZA","Murundi","Murundi","Kinyana",1317
"Eastern Province","KAYONZA","Mukarange","Bwiza","Kinyemera",905
"Eastern Province","KAYONZA","Murama","Rusave","Kinyinya",1103
"Eastern Province","KAYONZA","Gahini","Kiyenzi","Kinyinya",1121
"Eastern Province","RWAMAGANA","Gahengeri","Kibare","Kinyovi",542
"Eastern Province","RWAMAGANA","Fumbwe","Nyakagunga","Kirehe",1196
"Eastern Province","RWAMAGANA","Kigabiro","Nyagasenyi","Kirehe",764
"Eastern Province","RWAMAGANA","Kigabiro","Sovu","Kiruhura",816
"Eastern Province","RWAMAGANA","Musha","Kagarama","Kiruhura",946
"Eastern Province","RWAMAGANA","Munyiginya","Bwana","Kiruhura",323
"Eastern Province","RWAMAGANA","Gahengeri","Rweri","Kiruruma",988
"Eastern Province","RWAMAGANA","Munyaga","Nkungu","Kiryango",758
"Eastern Province","KAYONZA","Mukarange","Kayonza","Kivugiza",1263
"Eastern Province","RWAMAGANA","Fumbwe","Nyarubuye","Kivugiza",503
"Eastern Province","KAYONZA","Nyamirama","Gikaya","Kiyanja",610
"Eastern Province","RWAMAGANA","Karenge","Byimana","Kiyaya",368
"Eastern Province","KAYONZA","Gahini","Kiyenzi","Kiyenzi",1081
"Eastern Province","KAYONZA","Mwiri","Kageyo","Kiyonza",7
"Eastern Province","RWAMAGANA","Nzige","Akanzu","Kiyovu",511
"Eastern Province","RWAMAGANA","Gahengeri","Runyinya","Kiyovu",402
"Eastern Province","KAYONZA","Nyamirama","Musumba","Kiyovu",1162
"Eastern Province","KAYONZA","Murundi","Karambi","Kiyovu",952
"Eastern Province","RWAMAGANA","Munyiginya","Nyarubuye","Kiyovu",625
"Eastern Province","RWAMAGANA","Mwulire","Ntunga","Kiyovu",975
"Eastern Province","KAYONZA","Rwinkwavu","Mukoyoyo","Kiyovu",1067
"Eastern Province","KAYONZA","Ndego","Karambi","Kumunini",929
"Eastern Province","KAYONZA","Ndego","Byimana","Kururembo",559
"Eastern Province","KAYONZA","Gahini","Juru","Kwisoko",1414
"Eastern Province","KAYONZA","Murundi","Murundi","Macuba",1179
"Eastern Province","KAYONZA","Rwinkwavu","Mukoyoyo","Mahumbezi",301
"Eastern Province","KAYONZA","Kabare","Cyarubare","Mahumbezi",712
"Eastern Province","RWAMAGANA","Fumbwe","Nyamirama","Makwandi",330
"Eastern Province","RWAMAGANA","Mwulire","Bicumbi","Manene",689
"Eastern Province","RWAMAGANA","Muyumbu","Nyarukombe","Marembo",800
"Eastern Province","RWAMAGANA","Gahengeri","Rweri","Mataba",833
"Eastern Province","RWAMAGANA","Gahengeri","Rugarama","Mataba",432
"Eastern Province","RWAMAGANA","Munyaga","Nkungu","Mataba",1212
"Eastern Province","RWAMAGANA","Fumbwe","Nyagasambu","Mataba",961
"Eastern Province","RWAMAGANA","Rubona","Karambi","Mataba",716
"Eastern Province","KAYONZA","Kabare","Kirehe","Matahiro",1106
"Eastern Province","KAYONZA","Rwinkwavu","Nkondo","Matinza",973
"Eastern Province","RWAMAGANA","Nyakaliro","Gishore","Matyazo",924
"Eastern Province","RWAMAGANA","Munyiginya","Nyarubuye","Mazinga",626
"Eastern Province","KAYONZA","Rwinkwavu","Mbarara","Mbarara I",1017
"Eastern Province","KAYONZA","Rwinkwavu","Mbarara","Mbarara Ii",740
"Eastern Province","KAYONZA","Mukarange","Mburabuturo","Mburabuturo",872
"Eastern Province","RWAMAGANA","Rubona","Kabatasi","Midahandwa",1182
"Eastern Province","RWAMAGANA","Karenge","Kabasore","Migamba",987
"Eastern Province","KAYONZA","Rwinkwavu","Gihinga","Migera",868
"Eastern Province","KAYONZA","Gahini","Juru","Mikinga",1111
"Eastern Province","RWAMAGANA","Nzige","Kigarama","Mikoni",618
"Eastern Province","KAYONZA","Rukara","Rwimishinya","Mirambi I",931
"Eastern Province","KAYONZA","Rukara","Rwimishinya","Mirambi Ii",875
"Eastern Province","KAYONZA","Rukara","Rwimishinya","Mirambi Iii",605
"Eastern Province","RWAMAGANA","Rubona","Kabatasi","Mitari",483
"Eastern Province","KAYONZA","Rukara","Rukara","Mitungo",814
"Eastern Province","KAYONZA","Gahini","Juru","Miyaga",1178
"Eastern Province","KAYONZA","Murundi","Buhabwa","Miyaga",1164
"Eastern Province","RWAMAGANA","Kigabiro","Sibagire","Miyange",1087
"Eastern Province","KAYONZA","Mukarange","Kayonza","Miyange",1178
"Eastern Province","RWAMAGANA","Muyumbu","Murehe","Miyove",983
"Eastern Province","KAYONZA","Murama","Bunyentongo","Mpilindi",890
"Eastern Province","RWAMAGANA","Mwulire","Mwulire","Mpinga",488
"Eastern Province","RWAMAGANA","Muhazi","Nyarusange","Mpinga",869
"Eastern Province","RWAMAGANA","Gishali","Ruhunda","Mpungwe",1307
"Eastern Province","RWAMAGANA","Munyaga","Rweru","Mubuga",816
"Eastern Province","KAYONZA","Kabare","Gitara","Mubuga",926
"Eastern Province","RWAMAGANA","Nzige","Kigarama","Mubuga",583
"Eastern Province","RWAMAGANA","Nyakaliro","Bihembe","Mubumbwe",451
"Eastern Province","KAYONZA","Murundi","Buhabwa","Mucucu",701
"Eastern Province","KAYONZA","Rwinkwavu","Nkondo","Muganza",685
"Eastern Province","RWAMAGANA","Muyumbu","Nyarukombe","Mugogo",507
"Eastern Province","RWAMAGANA","Gishali","Bwinsanga","Mugusha",917
"Eastern Province","RWAMAGANA","Musha","Kagarama","Muhogoto",651
"Eastern Province","KAYONZA","Mwiri","Nyawera","Muhozi",1024
"Eastern Province","RWAMAGANA","Rubona","Byinza","Mumahoro",628
"Eastern Province","RWAMAGANA","Muyumbu","Nyarukombe","Mumena",908
"Eastern Province","KAYONZA","Rukara","Rukara","Mumuri",710
"Eastern Province","KAYONZA","Mukarange","Kayonza","Munazi",784
"Eastern Province","RWAMAGANA","Nyakaliro","Munini","Munini",700
"Eastern Province","RWAMAGANA","Rubona","Byinza","Munini",548
"Eastern Province","RWAMAGANA","Kigabiro","Bwiza","Munini",757
"Eastern Province","RWAMAGANA","Fumbwe","Sasabirago","Munini",750
"Eastern Province","KAYONZA","Kabarondo","Cyinzovu","Munini",1669
"Eastern Province","RWAMAGANA","Mwulire","Mwulire","Munini I",525
"Eastern Province","RWAMAGANA","Mwulire","Mwulire","Munini Ii",683
"Eastern Province","KAYONZA","Rukara","Rukara","Munyinya",701
"Eastern Province","KAYONZA","Murama","Murama","Murama",721
"Eastern Province","RWAMAGANA","Fumbwe","Nyarubuye","Murambi",1102
"Eastern Province","KAYONZA","Ruramira","Bugambira","Murambi",644
"Eastern Province","KAYONZA","Kabarondo","Kabura","Murambi",547
"Eastern Province","KAYONZA","Ndego","Karambi","Murambi",394
"Eastern Province","KAYONZA","Mwiri","Nyawera","Murehe",1102
"Eastern Province","RWAMAGANA","Muyumbu","Murehe","Murehe",1160
"Eastern Province","KAYONZA","Kabarondo","Cyabajwa","Murenge",1144
"Eastern Province","KAYONZA","Mwiri","Migera","Murori",1169
"Eastern Province","KAYONZA","Murundi","Buhabwa","Murundi",1628
"Eastern Province","KAYONZA","Nyamirama","Musumba","Musenyi",1575
"Eastern Province","KAYONZA","Ndego","Karambi","Musenyi ",673
"Eastern Province","KAYONZA","Gahini","Juru","Musimbi",548
"Eastern Province","RWAMAGANA","Karenge","Nyamatete","Mutabo",858
"Eastern Province","KAYONZA","Rwinkwavu","Mbarara","Mutembo",1039
"Eastern Province","KAYONZA","Rwinkwavu","Mukoyoyo","Mutembo",488
"Eastern Province","KAYONZA","Rukara","Rukara","Muzizi",1398
"Eastern Province","KAYONZA","Mwiri","Migera","Mwiri",887
"Eastern Province","KAYONZA","Ndego","Kiyovu","Mwurire",1426
"Eastern Province","KAYONZA","Gahini","Urugarama","Myatano",1101
"Eastern Province","KAYONZA","Mwiri","Kageyo","Ndago",1252
"Eastern Province","RWAMAGANA","Munyiginya","Cyarukamba","Ndago",556
"Eastern Province","RWAMAGANA","Karenge","Nyamatete","Ndengo",492
"Eastern Province","RWAMAGANA","Fumbwe","Mununu","Ndinda",468
"Eastern Province","RWAMAGANA","Nzige","Murama","Ndinda",595
"Eastern Province","RWAMAGANA","Nyakaliro","Rwimbogo","Nduba",317
"Eastern Province","RWAMAGANA","Nyakaliro","Rwimbogo","Nduhuye",424
"Eastern Province","KAYONZA","Murundi","Ryamanyoni","Ngarama",617
"Eastern Province","RWAMAGANA","Nyakaliro","Bihembe","Ngarama",493
"Eastern Province","KAYONZA","Murama","Muko","Ngoma",790
"Eastern Province","KAYONZA","Murundi","Karambi","Ngumeri I",1036
"Eastern Province","KAYONZA","Murundi","Karambi","Ngumeri Ii",682
"Eastern Province","RWAMAGANA","Munyiginya","Nyarubuye","Nkindi",700
"Eastern Province","RWAMAGANA","Mwulire","Ntunga","Nkira",555
"Eastern Province","KAYONZA","Rwinkwavu","Nkondo","Nkondo I",908
"Eastern Province","KAYONZA","Rwinkwavu","Nkondo","Nkondo Ii",490
"Eastern Province","RWAMAGANA","Karenge","Kangamba","Nkongi",917
"Eastern Province","KAYONZA","Kabarondo","Cyabajwa","Nkuba I",739
"Eastern Province","KAYONZA","Kabarondo","Cyabajwa","Nkuba Ii",564
"Eastern Province","RWAMAGANA","Karenge","Karenge","Ntebe",998
"Eastern Province","KAYONZA","Nyamirama","Rurambi","Ntintyi",962
"Eastern Province","RWAMAGANA","Mwulire","Ntunga","Ntunga",796
"Eastern Province","RWAMAGANA","Munyiginya","Cyimbazi","Ntunga",1111
"Eastern Province","RWAMAGANA","Fumbwe","Nyamirama","Ntungamo",747
"Eastern Province","KAYONZA","Kabare","Rubumba","Ntungamo",949
"Eastern Province","RWAMAGANA","Gahengeri","Mutamwa","Nyabagaza",509
"Eastern Province","KAYONZA","Rwinkwavu","Nkondo","Nyabihare ",386
"Eastern Province","KAYONZA","Kabarondo","Kabura","Nyabikenke I",483
"Eastern Province","KAYONZA","Kabarondo","Kabura","Nyabikenke Ii",788
"Eastern Province","KAYONZA","Rwinkwavu","Gihinga","Nyabimuri",418
"Eastern Province","KAYONZA","Kabarondo","Cyinzovu","Nyabisenga",561
"Eastern Province","RWAMAGANA","Kigabiro","Sovu","Nyabishunzi",546
"Eastern Province","KAYONZA","Nyamirama","Musumba","Nyabisindu",1278
"Eastern Province","RWAMAGANA","Musha","Nyabisindu","Nyabisindu",690
"Eastern Province","KAYONZA","Kabare","Kirehe","Nyabiyenzi",718
"Eastern Province","KAYONZA","Gahini","Juru","Nyabombe",579
"Eastern Province","RWAMAGANA","Karenge","Nyabubare","Nyabubare",1115
"Eastern Province","KAYONZA","Murundi","Ryamanyoni","Nyabugando",821
"Eastern Province","KAYONZA","Gahini","Juru","Nyabugogo",733
"Eastern Province","KAYONZA","Kabare","Rubumba","Nyabugogo",1324
"Eastern Province","RWAMAGANA","Nzige","Rugarama","Nyabugogo",604
"Eastern Province","KAYONZA","Nyamirama","Shyogo","Nyacyonga",634
"Eastern Province","RWAMAGANA","Gishali","Cyinyana","Nyagacyamo",844
"Eastern Province","RWAMAGANA","Musha","Kagarama","Nyagacyamo",1112
"Eastern Province","KAYONZA","Ruramira","Nkamba","Nyagacyamu",681
"Eastern Province","KAYONZA","Gahini","Kiyenzi","Nyagahandagaza",1431
"Eastern Province","RWAMAGANA","Munyiginya","Nkomangwa","Nyagahanga",742
"Eastern Province","KAYONZA","Rukara","Rukara","Nyagaharabuge",1115
"Eastern Province","KAYONZA","Murama","Nyakanazi","Nyagahinga",813
"Eastern Province","RWAMAGANA","Gishali","Ruhunda","Nyagahinga",1543
"Eastern Province","RWAMAGANA","Gishali","Ruhunda","Nyagakombe",1531
"Eastern Province","RWAMAGANA","Munyaga","Nkungu","Nyagakombe",619
"Eastern Province","RWAMAGANA","Munyiginya","Cyimbazi","Nyagakombe",945
"Eastern Province","KAYONZA","Kabare","Cyarubare","Nyagakonji",481
"Eastern Province","KAYONZA","Nyamirama","Musumba","Nyagasambu",1220
"Eastern Province","RWAMAGANA","Karenge","Nyamatete","Nyagasenyi",427
"Eastern Province","KAYONZA","Murundi","Karambi","Nyagashanga",939
"Eastern Province","RWAMAGANA","Rubona","Kabatasi","Nyagatare",840
"Eastern Province","KAYONZA","Mukarange","Nyagatovu","Nyagatovu",754
"Eastern Province","RWAMAGANA","Karenge","Kabasore","Nyagatovu",1072
"Eastern Province","RWAMAGANA","Mwulire","Bicumbi","Nyagihanga",967
"Eastern Province","KAYONZA","Gahini","Urugarama","Nyagitabire",663
"Eastern Province","RWAMAGANA","Kigabiro","Bwiza","Nyakabande",628
"Eastern Province","KAYONZA","Ndego","Byimana","Nyakabingo",1150
"Eastern Province","RWAMAGANA","Gishali","Bwinsanga","Nyakabungo",1395
"Eastern Province","KAYONZA","Gahini","Juru","Nyakabungo",903
"Eastern Province","KAYONZA","Mwiri","Nyawera","Nyakabungo",1121
"Eastern Province","KAYONZA","Kabarondo","Cyinzovu","Nyakabungo",739
"Eastern Province","RWAMAGANA","Karenge","Nyamatete","Nyakabuye",598
"Eastern Province","RWAMAGANA","Gishali","Cyinyana","Nyakagarama",1195
"Eastern Province","RWAMAGANA","Nyakaliro","Munini","Nyakagarama",763
"Eastern Province","KAYONZA","Mwiri","Migera","Nyakagarama",527
"Eastern Province","KAYONZA","Nyamirama","Shyogo","Nyakagarama",1098
"Eastern Province","KAYONZA","Mukarange","Rugendabari","Nyakagarama",702
"Eastern Province","KAYONZA","Murama","Nyakanazi","Nyakanazi",1324
"Eastern Province","RWAMAGANA","Gahengeri","Rugarama","Nyakiri",371
"Eastern Province","RWAMAGANA","Musha","Musha","Nyakiriba",1138
"Eastern Province","RWAMAGANA","Gishali","Binunga","Nyakivomo",849
"Eastern Province","KAYONZA","Rwinkwavu","Mukoyoyo","Nyamabuye",417
"Eastern Province","KAYONZA","Murama","Bunyentongo","Nyamabuye",745
"Eastern Province","RWAMAGANA","Gishali","Gati","Nyamabuye",447
"Eastern Province","RWAMAGANA","Rubona","Mabare","Nyamabuye",880
"Eastern Province","KAYONZA","Ndego","Byimana","Nyamata",972
"Eastern Province","RWAMAGANA","Karenge","Nyamatete","Nyamatete",505
"Eastern Province","RWAMAGANA","Musha","Kagarama","Nyamigano",563
"Eastern Province","KAYONZA","Murundi","Karambi","Nyamirama",1190
"Eastern Province","KAYONZA","Gahini","Kahi","Nyamiyaga",1961
"Eastern Province","KAYONZA","Ndego","Kiyovu","Nyamugari",923
"Eastern Province","RWAMAGANA","Gahengeri","Rweri","Nyamugari",1002
"Eastern Province","KAYONZA","Murundi","Murundi","Nyanga",599
"Eastern Province","KAYONZA","Rwinkwavu","Mukoyoyo","Nyankora",1023
"Eastern Province","RWAMAGANA","Musha","Budahanda","Nyantoki",1484
"Eastern Province","RWAMAGANA","Muyumbu","Ntebe","Nyarubambo",517
"Eastern Province","RWAMAGANA","Gahengeri","Rugarama","Nyarucyamo",471
"Eastern Province","RWAMAGANA","Muhazi","Karitutu","Nyarugarama",60
"Eastern Province","RWAMAGANA","Nzige","Akanzu","Nyarugenge",859
"Eastern Province","RWAMAGANA","Muhazi","Byeza","Nyarukombe",690
"Eastern Province","KAYONZA","Nyamirama","Musumba","Nyarunazi",2244
"Eastern Province","RWAMAGANA","Nyakaliro","Munini","Nyarurembo",635
"Eastern Province","RWAMAGANA","Nzige","Murama","Nyarusange",520
"Eastern Province","KAYONZA","Kabare","Rubimba","Nyarusange",493
"Eastern Province","RWAMAGANA","Nyakaliro","Munini","Nyarutovu",877
"Eastern Province","RWAMAGANA","Nzige","Kigarama","Nyarutovu",892
"Eastern Province","KAYONZA","Rukara","Rwimishinya","Nyarutunga I",1028
"Eastern Province","KAYONZA","Rukara","Rwimishinya","Nyarutunga Ii",946
"Eastern Province","KAYONZA","Rwinkwavu","Mukoyoyo","Nyarwashama I",369
"Eastern Province","KAYONZA","Rwinkwavu","Mukoyoyo","Nyarwashama Ii",358
"Eastern Province","RWAMAGANA","Muhazi","Murambi","Nyendo",626
"Eastern Province","RWAMAGANA","Fumbwe","Mununu","Nyirabiteri",741
"Eastern Province","RWAMAGANA","Nyakaliro","Gishore","Nyirabuhene",483
"Eastern Province","RWAMAGANA","Gahengeri","Gihumuza","Nyirabujari",852
"Eastern Province","RWAMAGANA","Nyakaliro","Munini","Nyiramitemeri",789
"Eastern Province","KAYONZA","Gahini","Kiyenzi","Nyirampaca",1443
"Eastern Province","KAYONZA","Rukara","Rukara","Nyirarukara",871
"Eastern Province","RWAMAGANA","Gahengeri","Mutamwa","Nyirarwirungu",431
"Eastern Province","RWAMAGANA","Muhazi","Nyarusange","Plage",932
"Eastern Province","RWAMAGANA","Muhazi","Karambi","Ragwe",846
"Eastern Province","RWAMAGANA","Kigabiro","Nyagasenyi","Ramba",727
"Eastern Province","RWAMAGANA","Fumbwe","Nyagasambu","Rambura",1511
"Eastern Province","KAYONZA","Rwinkwavu","Mukoyoyo","Rebero",498
"Eastern Province","RWAMAGANA","Gahengeri","Gihumuza","Rebero",568
"Eastern Province","KAYONZA","Rwinkwavu","Nkondo","Rebero",1118
"Eastern Province","RWAMAGANA","Muyumbu","Bujyujyu","Rebero",686
"Eastern Province","RWAMAGANA","Fumbwe","Nyagasambu","Rebero",1393
"Eastern Province","RWAMAGANA","Karenge","Karenge","Rebero",1576
"Eastern Province","RWAMAGANA","Gahengeri","Rugarama","Rebero",363
"Eastern Province","RWAMAGANA","Mwulire","Bushenyi","Rebero",1250
"Eastern Province","RWAMAGANA","Mwulire","Mwulire","Rebero",425
"Eastern Province","KAYONZA","Murama","Muko","Rebezo",599
"Eastern Province","KAYONZA","Ndego","Karambi","Remera",1057
"Eastern Province","KAYONZA","Kabare","Kirehe","Rompuwe",790
"Eastern Province","KAYONZA","Gahini","Juru","Rubariro",1254
"Eastern Province","RWAMAGANA","Muyumbu","Bujyujyu","Rubaza",776
"Eastern Province","RWAMAGANA","Mwulire","Bushenyi","Rubiha",1318
"Eastern Province","KAYONZA","Kabarondo","Kabura","Rubira",647
"Eastern Province","RWAMAGANA","Muhazi","Nsinda","Rubirizi",857
"Eastern Province","KAYONZA","Rwinkwavu","Gihinga","Rubirizi",916
"Eastern Province","RWAMAGANA","Rubona","Mabare","Rubirizi",561
"Eastern Province","RWAMAGANA","Muyumbu","Nyarukombe","Rubona",1299
"Eastern Province","RWAMAGANA","Gahengeri","Mutamwa","Rubonobono",643
"Eastern Province","RWAMAGANA","Rubona","Kabuye","Rubumba",480
"Eastern Province","KAYONZA","Murundi","Murundi","Rucaca",1214
"Eastern Province","RWAMAGANA","Munyaga","Nkungu","Rudashya",1279
"Eastern Province","RWAMAGANA","Rubona","Nawe","Rudashya",971
"Eastern Province","RWAMAGANA","Musha","Akabare","Rugabano",635
"Eastern Province","KAYONZA","Nyamirama","Shyogo","Rugagi",620
"Eastern Province","RWAMAGANA","Gahengeri","Mutamwa","Rugagi",377
"Eastern Province","RWAMAGANA","Muyumbu","Akinyambo","Rugarama",1917
"Eastern Province","KAYONZA","Nyamirama","Rurambi","Rugarama",968
"Eastern Province","RWAMAGANA","Mwulire","Ntunga","Rugarama",823
"Eastern Province","RWAMAGANA","Fumbwe","Nyagasambu","Rugarama",1176
"Eastern Province","RWAMAGANA","Musha","Musha","Rugarama",655
"Eastern Province","RWAMAGANA","Rubona","Karambi","Rugarama",1061
"Eastern Province","KAYONZA","Murama","Muko","Rugarama",627
"Eastern Province","RWAMAGANA","Fumbwe","Nyakagunga","Rugarama",420
"Eastern Province","KAYONZA","Kabarondo","Cyinzovu","Rugarama ",380
"Eastern Province","KAYONZA","Murama","Nyakanazi","Rugazi",1123
"Eastern Province","KAYONZA","Kabarondo","Cyinzovu","Rugazi",807
"Eastern Province","KAYONZA","Mukarange","Rugendabari","Rugendabari",988
"Eastern Province","RWAMAGANA","Nyakaliro","Gishore","Rugende",1086
"Eastern Province","RWAMAGANA","Mwulire","Ntunga","Rugenge",625
"Eastern Province","RWAMAGANA","Fumbwe","Nyagasambu","Rugenge ",1107
"Eastern Province","KAYONZA","Mwiri","Kageyo","Rugeyo",1356
"Eastern Province","RWAMAGANA","Kigabiro","Sovu","Rugobagoba",998
"Eastern Province","KAYONZA","Murundi","Karambi","Rugunga",1330
"Eastern Province","KAYONZA","Rwinkwavu","Gihinga","Rugunga",680
"Eastern Province","RWAMAGANA","Nzige","Kigarama","Rugunga",741
"Eastern Province","KAYONZA","Kabare","Gitara","Rugunga",1548
"Eastern Province","KAYONZA","Kabarondo","Cyabajwa","Rugwagwa",1094
"Eastern Province","RWAMAGANA","Nyakaliro","Gishore","Ruhanika",464
"Eastern Province","RWAMAGANA","Musha","Nyakabanda","Ruhita",1596
"Eastern Province","RWAMAGANA","Gahengeri","Kanyangese","Ruhita",397
"Eastern Province","KAYONZA","Mwiri","Nyamugari","Ruhoroba",847
"Eastern Province","RWAMAGANA","Musha","Nyabisindu","Rujumbura",674
"Eastern Province","KAYONZA","Kabare","Cyarubare","Rukagati",525
"Eastern Province","KAYONZA","Ruramira","Ruyonza","Rukoma",657
"Eastern Province","RWAMAGANA","Musha","Akabare","Rukombe",928
"Eastern Province","KAYONZA","Gahini","Kahi","Rukore",1263
"Eastern Province","RWAMAGANA","Karenge","Byimana","Rukori",680
"Eastern Province","KAYONZA","Murundi","Karambi","Rukoyoyo",981
"Eastern Province","KAYONZA","Murundi","Karambi","Rumuri",797
"Eastern Province","RWAMAGANA","Karenge","Bicaca","Runzenze",564
"Eastern Province","RWAMAGANA","Nyakaliro","Gatare","Runzenze",384
"Eastern Province","KAYONZA","Kabarondo","Rusera","Rurama",952
"Eastern Province","KAYONZA","Rwinkwavu","Nkondo","Rurama",785
"Eastern Province","RWAMAGANA","Gahengeri","Kibare","Rurambi",584
"Eastern Province","RWAMAGANA","Gishali","Cyinyana","Rurembo",1109
"Eastern Province","RWAMAGANA","Fumbwe","Nyarubuye","Rurembo",759
"Eastern Province","RWAMAGANA","Kigabiro","Cyanya","Rurembo",872
"Eastern Province","KAYONZA","Murama","Nyakanazi","Rurenge",703
"Eastern Province","KAYONZA","Kabarondo","Cyinzovu","Rurenge",1026
"Eastern Province","RWAMAGANA","Gishali","Binunga","Rurindimura",1186
"Eastern Province","RWAMAGANA","Nyakaliro","Gishore","Rusagara",905
"Eastern Province","RWAMAGANA","Rubona","Mabare","Rusanza",576
"Eastern Province","KAYONZA","Murama","Murama","Rusaro",439
"Eastern Province","RWAMAGANA","Kigabiro","Nyagasenyi","Rusave",1402
"Eastern Province","RWAMAGANA","Muyumbu","Bujyujyu","Rusave",443
"Eastern Province","RWAMAGANA","Nyakaliro","Gishore","Rusave",330
"Eastern Province","RWAMAGANA","Mwulire","Bushenyi","Ruseke",702
"Eastern Province","RWAMAGANA","Rubona","Kabatasi","Rusenyi",915
"Eastern Province","KAYONZA","Kabarondo","Rusera","Rusera",1120
"Eastern Province","KAYONZA","Nyamirama","Musumba","Rusera",665
"Eastern Province","KAYONZA","Rwinkwavu","Gihinga","Rusera",713
"Eastern Province","RWAMAGANA","Munyaga","Nkungu","Rushangara",878
"Eastern Province","RWAMAGANA","Kigabiro","Sovu","Rushangara",675
"Eastern Province","KAYONZA","Murundi","Karambi","Rushenyi",1032
"Eastern Province","KAYONZA","Kabare","Kirehe","Rushenyi",1304
"Eastern Province","RWAMAGANA","Nyakaliro","Bihembe","Rusheshe",1092
"Eastern Province","RWAMAGANA","Nyakaliro","Gishore","Rususa",1396
"Eastern Province","KAYONZA","Kabarondo","Cyabajwa","Rutagara",1312
"Eastern Province","KAYONZA","Kabarondo","Rusera","Rutagara Centre ",817
"Eastern Province","RWAMAGANA","Kigabiro","Bwiza","Rutaka",1227
"Eastern Province","KAYONZA","Mukarange","Rugendabari","Rutare",497
"Eastern Province","RWAMAGANA","Rubona","Kabuye","Rutare",789
"Eastern Province","RWAMAGANA","Munyiginya","Bwana","Rutembo",361
"Eastern Province","RWAMAGANA","Musha","Nyakabanda","Rutoma",861
"Eastern Province","RWAMAGANA","Kigabiro","Bwiza","Rutonde",1072
"Eastern Province","RWAMAGANA","Muyumbu","Murehe","Ruvomo",448
"Eastern Province","RWAMAGANA","Karenge","Kabasore","Ruvomo",614
"Eastern Province","RWAMAGANA","Nzige","Rugarama","Ruvomo",320
"Eastern Province","KAYONZA","Nyamirama","Rurambi","Ruvumu",1316
"Eastern Province","KAYONZA","Rukara","Rukara","Ruyenzi",952
"Eastern Province","RWAMAGANA","Gahengeri","Runyinya","Ruyumba",447
"Eastern Province","KAYONZA","Kabare","Cyarubare","Rwabarema",813
"Eastern Province","RWAMAGANA","Musha","Budahanda","Rwabiyange",956
"Eastern Province","KAYONZA","Murama","Murama","Rwabugengeri",467
"Eastern Province","RWAMAGANA","Gishali","Ruhimbi","Rwagahaya",1202
"Eastern Province","RWAMAGANA","Munyiginya","Bwana","Rwagahigi",405
"Eastern Province","KAYONZA","Kabare","Kirehe","Rwagatera",982
"Eastern Province","RWAMAGANA","Nzige","Rugarama","Rwagatsama",529
"Eastern Province","KAYONZA","Murundi","Ryamanyoni","Rwakabanda",2048
"Eastern Province","KAYONZA","Kabare","Cyarubare","Rwakavuna",1026
"Eastern Province","RWAMAGANA","Munyaga","Kaduha","Rwakigara ",608
"Eastern Province","KAYONZA","Kabarondo","Cyinzovu","Rwakigeri",1290
"Eastern Province","RWAMAGANA","Nyakaliro","Munini","Rwamibungo",460
"Eastern Province","RWAMAGANA","Musha","Nyabisindu","Rwamivu",617
"Eastern Province","RWAMAGANA","Munyiginya","Bwana","Rwamugurusu",646
"Eastern Province","KAYONZA","Kabare","Rubimba","Rwamushoma",760
"Eastern Province","KAYONZA","Nyamirama","Shyogo","Rwangabarezi",654
"Eastern Province","RWAMAGANA","Nyakaliro","Munini","Rwankacari",371
"Eastern Province","RWAMAGANA","Gahengeri","Kagezi","Rwarugaju",619
"Eastern Province","KAYONZA","Murundi","Karambi","Rwasama ",825
"Eastern Province","KAYONZA","Mwiri","Nyamugari","Rwazana",2231
"Eastern Province","KAYONZA","Rukara","Kawangire","Rwempasha",785
"Eastern Province","RWAMAGANA","Munyiginya","Bwana","Rweza",397
"Eastern Province","RWAMAGANA","Kigabiro","Bwiza","Rweza",423
"Eastern Province","RWAMAGANA","Munyiginya","Cyarukamba","Rweza",605
"Eastern Province","RWAMAGANA","Mwulire","Bicumbi","Rwimbogo",847
"Eastern Province","RWAMAGANA","Munyaga","Kaduha","Rwimbogo",541
"Eastern Province","RWAMAGANA","Nyakaliro","Rwimbogo","Rwimbogo",654
"Eastern Province","RWAMAGANA","Karenge","Nyabubare","Rwinka",611
"Eastern Province","KAYONZA","Gahini","Urugarama","Rwinkuba",970
"Eastern Province","KAYONZA","Rwinkwavu","Nkondo","Rwinkwavu",787
"Eastern Province","KAYONZA","Murundi","Karambi","Rwinsheke I",685
"Eastern Province","KAYONZA","Murundi","Karambi","Rwinsheke Ii",409
"Eastern Province","KAYONZA","Murundi","Ryamanyoni","Rwinyambo",868
"Eastern Province","KAYONZA","Nyamirama","Shyogo","Rwinyana",1172
"Eastern Province","RWAMAGANA","Munyaga","Zinga","Rwisange",892
"Eastern Province","KAYONZA","Mwiri","Kageyo","Rwisirabo A",1571
"Eastern Province","KAYONZA","Mwiri","Kageyo","Rwisirabo B",1539
"Eastern Province","RWAMAGANA","Muyumbu","Akinyambo","Ryabaheshwa",1138
"Eastern Province","KAYONZA","Mwiri","Nyawera","Ryakibanda",1109
"Eastern Province","KAYONZA","Murundi","Ryamanyoni","Ryakirenzi I",1505
"Eastern Province","KAYONZA","Murundi","Ryamanyoni","Ryakirenzi Ii",1604
"Eastern Province","KAYONZA","Murundi","Ryamanyoni","Ryamanyoni",884
"Eastern Province","RWAMAGANA","Munyiginya","Nkomangwa","Ryamirenge",1024
"Eastern Province","RWAMAGANA","Karenge","Nyabubare","Ryamugabo",1173
"Eastern Province","KAYONZA","Mwiri","Nyamugari","Ryamutumo",953
"Eastern Province","RWAMAGANA","Gahengeri","Runyinya","Ryamuzuka",591
"Eastern Province","RWAMAGANA","Nyakaliro","Rwimbogo","Ryarurindo",552
"Eastern Province","RWAMAGANA","Gahengeri","Mutamwa","Ryasenteteri",999
"Eastern Province","KAYONZA","Ruramira","Nkamba","Sabununga",811
"Eastern Province","RWAMAGANA","Mwulire","Bicumbi","Sabusaro",1162
"Eastern Province","RWAMAGANA","Gahengeri","Kagezi","Samatare",617
"Eastern Province","RWAMAGANA","Nyakaliro","Gatare","Samuduha",986
"Eastern Province","RWAMAGANA","Muyumbu","Ntebe","Samuramba",1479
"Eastern Province","KAYONZA","Mwiri","Kageyo","Sebasengo",1110
"Eastern Province","KAYONZA","Rwinkwavu","Nkondo","Seka",823
"Eastern Province","KAYONZA","Murama","Rusave","Seresi",896
"Eastern Province","RWAMAGANA","Gishali","Bwinsanga","Shaburondo",1269
"Eastern Province","RWAMAGANA","Fumbwe","Nyamirama","Shenga",512
"Eastern Province","KAYONZA","Nyamirama","Rurambi","Shirinyota",646
"Eastern Province","KAYONZA","Murama","Bunyentongo","Shyanda",847
"Eastern Province","KAYONZA","Ruramira","Ruyonza","Taba",834
"Eastern Province","KAYONZA","Gahini","Kahi","Tsima",3008
"Eastern Province","KAYONZA","Rwinkwavu","Mukoyoyo","Twibanire",1043
"Eastern Province","KAYONZA","Rwinkwavu","Mukoyoyo","Twiyunge",278
"Eastern Province","KAYONZA","Rwinkwavu","Gihinga","Uburembo",1099
"Eastern Province","KAYONZA","Murundi","Ryamanyoni","Ubwiza",1370
"Eastern Province","RWAMAGANA","Muhazi","Kabare","Ubwiza",896
"Eastern Province","RWAMAGANA","Muhazi","Nyarusange","Umubuga",755
"Eastern Province","RWAMAGANA","Rubona","Mabare","Umubuga",666
"Eastern Province","KAYONZA","Ruramira","Nkamba","Umubuga",881
"Eastern Province","KAYONZA","Kabarondo","Rusera","Umucyo",941
"Eastern Province","RWAMAGANA","Kigabiro","Nyagasenyi","Umuganura",886
"Eastern Province","RWAMAGANA","Munyiginya","Binunga","Umuhumuro",371
"Eastern Province","RWAMAGANA","Rubona","Byinza","Umumeyu",494
"Eastern Province","RWAMAGANA","Gishali","Gati","Umunanira",1189
"Eastern Province","RWAMAGANA","Musha","Nyabisindu","Umunini",568
"Eastern Province","RWAMAGANA","Muhazi","Kabare","Umunini",640
"Eastern Province","RWAMAGANA","Gishali","Ruhimbi","Umunini",1450
"Eastern Province","KAYONZA","Kabare","Cyarubare","Umunini",606
"Eastern Province","RWAMAGANA","Gahengeri","Kanyangese","Umunini",463
"Eastern Province","RWAMAGANA","Rubona","Kabatasi","Umurehe",939
"Eastern Province","KAYONZA","Kabare","Cyarubare","Umuremampango",947
"Eastern Province","RWAMAGANA","Munyiginya","Bwana","Umurinzi",306
"Eastern Province","KAYONZA","Mwiri","Migera","Umutekano",1039
"Eastern Province","KAYONZA","Kabare","Cyarubare","Umuyenzi",1252
"Eastern Province","KAYONZA","Gahini","Urugarama","Umwiga",998
"Eastern Province","KAYONZA","Gahini","Urugarama","Urugarama",821
"Eastern Province","RWAMAGANA","Muhazi","Ntebe","Urugero",514
"Eastern Province","RWAMAGANA","Muhazi","Ntebe","Urugwiro",782
"Eastern Province","RWAMAGANA","Rubona","Mabare","Urugwiro",773
"Eastern Province","RWAMAGANA","Munyiginya","Binunga","Urugwiza",756
"Eastern Province","KAYONZA","Gahini","Kahi","Uruhuha",1648
"Eastern Province","RWAMAGANA","Gishali","Gati","Uruhuha",787
"Eastern Province","RWAMAGANA","Gishali","Kavumu","Uruyenzi",697
"Eastern Province","RWAMAGANA","Rubona","Byinza","Uwadesa",551
"Eastern Province","RWAMAGANA","Muhazi","Kabare","Uwimanzi",990
"Eastern Province","KAYONZA","Gahini","Urugarama","Videwo",1267
"Eastern Province","KAYONZA","Rwinkwavu","Mukoyoyo","Vungiro",292
"Eastern Province","RWAMAGANA","Muhazi","Murambi","Yabaranda",407
"Eastern Province","RWAMAGANA","Muyumbu","Bujyujyu","Yeruzalemu",761
